--
-- PostgreSQL database dump
--

-- Dumped from database version 15.10
-- Dumped by pg_dump version 15.10

SET statement_timeout = 0;
SET lock_timeout = 0;
SET idle_in_transaction_session_timeout = 0;
SET client_encoding = 'UTF8';
SET standard_conforming_strings = on;
SELECT pg_catalog.set_config('search_path', '', false);
SET check_function_bodies = false;
SET xmloption = content;
SET client_min_messages = warning;
SET row_security = off;

SET default_tablespace = '';

SET default_table_access_method = heap;

--
-- Name: booking; Type: TABLE; Schema: public; Owner: postgres
--

CREATE TABLE public.booking (
    id bigint NOT NULL,
    booking_date date,
    excel_file_content oid,
    final_price double precision NOT NULL,
    group_size integer NOT NULL,
    number_lap integer NOT NULL,
    start_time time(6) without time zone,
    client_id bigint
);


ALTER TABLE public.booking OWNER TO postgres;

--
-- Name: booking_client; Type: TABLE; Schema: public; Owner: postgres
--

CREATE TABLE public.booking_client (
    booking_id bigint NOT NULL,
    client_id bigint NOT NULL
);


ALTER TABLE public.booking_client OWNER TO postgres;

--
-- Name: booking_id_seq; Type: SEQUENCE; Schema: public; Owner: postgres
--

ALTER TABLE public.booking ALTER COLUMN id ADD GENERATED BY DEFAULT AS IDENTITY (
    SEQUENCE NAME public.booking_id_seq
    START WITH 1
    INCREMENT BY 1
    NO MINVALUE
    NO MAXVALUE
    CACHE 1
);


--
-- Name: client; Type: TABLE; Schema: public; Owner: postgres
--

CREATE TABLE public.client (
    id bigint NOT NULL,
    birth_date date,
    email character varying(255),
    name character varying(255),
    rut character varying(255)
);


ALTER TABLE public.client OWNER TO postgres;

--
-- Name: client_id_seq; Type: SEQUENCE; Schema: public; Owner: postgres
--

ALTER TABLE public.client ALTER COLUMN id ADD GENERATED BY DEFAULT AS IDENTITY (
    SEQUENCE NAME public.client_id_seq
    START WITH 1
    INCREMENT BY 1
    NO MINVALUE
    NO MAXVALUE
    CACHE 1
);


--
-- Name: 41056; Type: BLOB; Schema: -; Owner: postgres
--

SELECT pg_catalog.lo_create('41056');


ALTER LARGE OBJECT 41056 OWNER TO postgres;

--
-- Name: 41119; Type: BLOB; Schema: -; Owner: postgres
--

SELECT pg_catalog.lo_create('41119');


ALTER LARGE OBJECT 41119 OWNER TO postgres;

--
-- Name: 41120; Type: BLOB; Schema: -; Owner: postgres
--

SELECT pg_catalog.lo_create('41120');


ALTER LARGE OBJECT 41120 OWNER TO postgres;

--
-- Name: 41127; Type: BLOB; Schema: -; Owner: postgres
--

SELECT pg_catalog.lo_create('41127');


ALTER LARGE OBJECT 41127 OWNER TO postgres;

--
-- Name: 41128; Type: BLOB; Schema: -; Owner: postgres
--

SELECT pg_catalog.lo_create('41128');


ALTER LARGE OBJECT 41128 OWNER TO postgres;

--
-- Name: 41129; Type: BLOB; Schema: -; Owner: postgres
--

SELECT pg_catalog.lo_create('41129');


ALTER LARGE OBJECT 41129 OWNER TO postgres;

--
-- Name: 41130; Type: BLOB; Schema: -; Owner: postgres
--

SELECT pg_catalog.lo_create('41130');


ALTER LARGE OBJECT 41130 OWNER TO postgres;

--
-- Name: 41131; Type: BLOB; Schema: -; Owner: postgres
--

SELECT pg_catalog.lo_create('41131');


ALTER LARGE OBJECT 41131 OWNER TO postgres;

--
-- Name: 41134; Type: BLOB; Schema: -; Owner: postgres
--

SELECT pg_catalog.lo_create('41134');


ALTER LARGE OBJECT 41134 OWNER TO postgres;

--
-- Data for Name: booking; Type: TABLE DATA; Schema: public; Owner: postgres
--

COPY public.booking (id, booking_date, excel_file_content, final_price, group_size, number_lap, start_time, client_id) FROM stdin;
1	2025-06-08	41119	27370	1	15	17:30:00	1
3	2025-06-20	41120	256594	9	20	19:55:00	11
4	2025-06-07	41127	20528	1	10	10:00:00	19
5	2025-06-09	41128	80325	3	20	20:30:00	14
6	2025-05-05	41129	68425	3	20	15:30:00	1
7	2025-06-11	41130	35700	2	10	14:30:00	1
8	2025-06-11	41131	107100	4	20	16:30:00	17
9	2025-06-14	41134	73899	3	15	17:25:00	1
\.


--
-- Data for Name: booking_client; Type: TABLE DATA; Schema: public; Owner: postgres
--

COPY public.booking_client (booking_id, client_id) FROM stdin;
1	1
3	12
3	13
3	14
3	15
3	16
3	17
3	18
3	19
3	11
4	19
5	12
5	16
5	14
6	20
6	21
6	1
7	20
7	1
8	20
8	12
8	11
8	17
9	18
9	13
9	1
\.


--
-- Data for Name: client; Type: TABLE DATA; Schema: public; Owner: postgres
--

COPY public.client (id, birth_date, email, name, rut) FROM stdin;
1	1997-05-05	fxgatogods@gmail.com	Gabriel Cabrera	196477683
11	1992-03-15	javiera.test92@gmail.com	Javiera Reyes Soto	918273645
12	1987-07-22	tomas.tesyt87@gmail.com	Tomás Vidal Pino	837465920
13	1996-01-09	constanza.arayatest96@mail.com	Constanza Araya Mena	765982341
14	1990-02-27	benjamin.salastest90@gmail.com	Benjamín Salas Rojas	654738291
15	1993-05-18	isidora.palmatest93@gmail.com	Isidora Palma Fuentes	873156429
16	1988-12-01	matias.figueroatest88@gmail.com	Matías Figueroa Díaz	718294637
17	1995-06-20	camila.contrerastest95@gmail.com	Camila Contreras León	842691375
18	1999-09-12	agustin.moralestest99@gmail.com	Agustín Morales Vera	639427185
19	1990-08-21	daniela.espinozatest85@gmail.com	Daniela Espinoza Silva	951276483
20	1997-03-26	tamara.test1111@gmail.com	Tamara Carrasco	193655777
21	2015-03-20	kiki.test1111@gmail.com	Kiki Carrasco	174887985
\.


--
-- Name: booking_id_seq; Type: SEQUENCE SET; Schema: public; Owner: postgres
--

SELECT pg_catalog.setval('public.booking_id_seq', 9, true);


--
-- Name: client_id_seq; Type: SEQUENCE SET; Schema: public; Owner: postgres
--

SELECT pg_catalog.setval('public.client_id_seq', 21, true);


--
-- Data for Name: BLOBS; Type: BLOBS; Schema: -; Owner: -
--

BEGIN;

SELECT pg_catalog.lo_open('41056', 131072);
SELECT pg_catalog.lowrite(0, '\x504b0304140008080800156ec65a000000000000000000000000130000005b436f6e74656e745f54797065735d2e786d6cb553cb6ec23010fc95c8d72a36f450551581431fc716a9f4035c7b9358f825afa1f0f75d07389452890a71f26366676657f664b671b65a4342137cc3c67cc42af02a68e3bb867d2c5eea7b5661965e4b1b3c346c0bc866d3c9621b012baaf5d8b03ee7f82004aa1e9c441e227842da909ccc744c9d88522d6507e27634ba132af80c3ed7b968b0e9e4095ab9b2b97adcdd17e986c918ad5132532cb1f6fa48b4de0bf20476e0606f22de108155cf1b52d9b54328327186c371613953dd1b0d26190dff8a16dad628d041ad1c957028aa1a741d13115336b0cf399729bf4a478282c87342519034bfc4fb301615129c65588817391e758b3181d4d803646739f632817ecf895ed3ef101b2b7e10ae98236fed892994000372cd09d0ca9d34fe94fb5748cbcf1096d7f32f0ec3fe2ffb0144312ce3430e317cefe937504b0708912c28bc3b0100001d040000504b0304140008080800156ec65a0000000000000000000000000b0000005f72656c732f2e72656c73ad92c14a033110865f25ccbd9b6d051169da8b08bd89d4071893d9ddb09b4c4846ddbebdc18bb66c41c1e33033dfff31c9763f8749bd532e9ea38175d382a268d9f9d81b78393eaeee4015c1e870e248064e5460bfdb3ed3845257cae0535195118b814124dd6b5dec40014bc38962ed749c034a2d73af13da117bd29bb6bdd5f92703ce99eae00ce4835b833a62ee490ccc93fee03cbe328f4dc5d6c629d16f42b9ebbca507b66f81a22c645f4c805e76d97cbb38b64f99eb26a6f4df32340b45476e956a0265f1f5e2578c6e168c2c67fa9bd2f547d181041d0a7e512f84f4d91fd87d02504b07086e32084be50000004a020000504b0304140008080800156ec65a00000000000000000000000010000000646f6350726f70732f6170702e786d6c4d8ec10ac2301044ef82ff10726fb77a109134a52082277bd00f08e9d6069a4d4856e9e79b937a9c19e6f154b7fa45bc316517a895bbba9102c986d1d1b3958ffba53aca4e6f376a4821626287599407e556ceccf10490ed8cdee4bacc549629246fb8c4f484304dcee239d8974762d837cd017065a411c72a7e8152ab3ec6c559c34542f7d114a4186e5705ffbd829f83fe00504b0708366e832193000000b8000000504b0304140008080800156ec65a00000000000000000000000011000000646f6350726f70732f636f72652e786d6c6d906f4bc3301087bf4ac8fbf6da6ece11da0e510682e2c0c9c4772139db62f38724daeddb9bd6594185bc48eef7dcc3e5cacd51f5e4039def8cae689e6694a0164676baa9e8d37e9bac29f1816bc97ba3b1a227f4745397c232611cee9cb1e842879e448ff64cd88ab6215806e0458b8afb34123a86afc6291ee2d33560b978e30d4291652b5018b8e481c3284cec6ca467a514b3d2bebb7e124801d8a3421d3ce4690e3f6c40a7fcbf0d53329347dfcdd4300ce9b098b838510ecff7778fd3f049a7c7bf0ba475795633e1900794240a5838d9b892efe4b0b8bed96f695d64c54592ade2d9e7976cb966cbe2a5845ffda3f0eb6e5c7d1517d222d93ddc8edc5c2ee1cf9aeb4f504b0708ad18e5db07010000b1010000504b0304140008080800156ec65a00000000000000000000000014000000786c2f736861726564537472696e67732e786d6c7d924d4bc3401086ef82ff6108087a68b316ac1fa4291aad7a504462efd364da2eeceec4dd8da8ff4abc79ed1f73530b85447a5a76de673ede6192f1bb56f046d64936a3e8b82f2220537029cd6214bde493de59344ef7f712e73c145c1b1fa0f3086a235f6bca36816104a18c71a368e97d7511c7ae589246d7e78a4c50e66c35faf0b58bd85596b0744b22af553c1062186b94264a1327d3c4a7d9eabb940b869240213c9323fb8649ecd3246e803f6842c512e103eed8e26e722006273d31ec8933383ebd10a2ad3fae7e34d975bb694dcaa36b13191a2f4b2c1be4292c8a4d9779643db3b4996403415810dcc94fde31dd2dceac24055978c976e46dd94c49329eda408e56ce11aed075a46b72451d72182ab690a3c6d5d7dae6adad2bde4d3f59d65c848b200737aea242a2a28ee96d8ec677a93b351fb8d126d2a06a4b5354a14d199cdf4f2fffcfcbd9a382c3824dc31cb521d11707db581cce33fd05504b0708bc1b5aa360010000cc020000504b0304140008080800156ec65a0000000000000000000000000d000000786c2f7374796c65732e786d6ca592b16ec3201086f74a7d07c4dee064a8a2ca264325579d934a5d8939dba870584022bb4f5f304e934c1d3addddcffd1f87cfe56e349a9cc17965b1a2eb5541096063a5c2aea21f87fa694b77fcf1a1f461d2b0ef0102890ef415ed43185e18f34d0f46f8951d00e3496b9d112196ae637e7020a44f26a3d9a6289e99110a292ff1646a133c69ec0943450bca78d95abc2a6b9a055efa6f72163a2a69b6d8d6586d1d5128610459d16dd25018c85daf42aba353334f18a5a72c6f92304fbaf41985d62591e55be6e0a34969fd3bc4866681978308011cd6b1204b7e9806a8285a848c99fbfee896c27dbd3931dd38e6102f3e5a27e3166edf9f255e6a68433438d5f529063bb07418823531914a7416854ec88b634922b601adf769759fed1d7b6c49dec1bb4c9f9fa4e75fd238d092664c2e12ff9696d9ffc692b1bde7cf6876fdddf80f504b0708ae9193d645010000a3020000504b0304140008080800156ec65a0000000000000000000000000f000000786c2f776f726b626f6f6b2e786d6c8d8e314fc33010857724fe83753b7502084114a7431152b70e85fd125f12abb12f3a9b969f4f922ac0c8747a7a9fbe7be5f6cb0fea4c121d0703f9260345a161eb4267e0fdf876f70cdbeaf6a6bcb09c6ae6939af8100df4298d85d6b1e9c963dcf048616a5a168f698ad2e9380aa18d3d51f283becfb227edd105b81a0af98f83dbd635f4cacda7a790ae12a101d3b436f66e8c50fd2c3b88b298287fc91e0db43844025d9573f3e1e8127fc1392a6c923bd3116b03d9cce93fe0b279bd2aa027033bf6a3708d2191b2a40ed83128299c35207bfb006a81f753cc17ddead0ebd7ea1b504b07081ccf4de3e30000006b010000504b0304140008080800156ec65a0000000000000000000000001a000000786c2f5f72656c732f776f726b626f6f6b2e786d6c2e72656c73ad914d6bc3300c40ff8ad17d71d2c118a36e2f63d06b3f7e80b0953834b18da5b5cbbfafbbc3d640073bf4248cf07b0fb45c7f8d833a51e63e06034d5583a260a3eb4367e0b0ff787a05c582c1e1100319988861bd5a6e6940295fd8f78955610436e045d29bd66c3d8dc8554c14caa68d794429cfdce984f6881de9455dbfe87ccb8039536d9c81bc710da83de68ec4007bcce476924b1a57055c5653a2ff6863dbf696dea3fd1c29c81dbb9ec141df8f59dcc4c834d0e32bbea97fe99f7ff5e7988fec89e45a5e46f3e8921fc13546cfaebdba00504b070867eba2a8d500000034020000504b0304140008080800156ec65a00000000000000000000000018000000786c2f776f726b7368656574732f7368656574312e786d6c8d944b4fe3301080ef2bf11f2cdfb7ceb36151120494d23d20ad7661ef6e327988c48e6cd3f2f37152b05a3b3c6e1ee59b6fc663c7e9e54bdfa11d08d97296617fe16104ace065cbea0c3f3eac7f9ee3cbfcec47bae7e24936000ae9042633dc28355c10228b067a2a177c00a6bf545cf454e950d4440e02683925f51d093c6f497ada329ca765db031b2b22015586affc8b4d82499e4eecff16f6f2688dc6d25bce9fc6e0779961dda2a2db7fd041a140c74a3cc3984d9cf4f5d4cd1f814aa8e873a7fef2fd06daba517aa7b1deea7bc91555344f05df23a1bfe8068b7171e5eb42199618c9b1689eee722f253b5da87823ae0f043b22f4040d43b4d16803a30d1cad6f695d22989786461a3a29a1250ddd5ee38f9a8d8c3772bc91e58dbe3f83d86863471b5b5a9758ce4b9746ba7452124bea12e7a7c48d4bfc3a25562ee15bd7e27606b18e783d8304a7c8dd0c629de9660689e6a7949829259f0cf630a5c439d120f43c6f616df3c635f9d629aebe466ebf46d6df6ce8cee5a23071b0cd8c2e39e50ea323478fc3406bb8a7a26e99445bae14ef75ee22d1b7b4e25c811823fd8735fac5334107959a288cc4e1d599d68a0f6fb9e3a3651ed6fc15504b0708fa0793abbd0100008c050000504b01021400140008080800156ec65a912c28bc3b0100001d0400001300000000000000000000000000000000005b436f6e74656e745f54797065735d2e786d6c504b01021400140008080800156ec65a6e32084be50000004a0200000b000000000000000000000000007c0100005f72656c732f2e72656c73504b01021400140008080800156ec65a366e832193000000b800000010000000000000000000000000009a020000646f6350726f70732f6170702e786d6c504b01021400140008080800156ec65aad18e5db07010000b101000011000000000000000000000000006b030000646f6350726f70732f636f72652e786d6c504b01021400140008080800156ec65abc1b5aa360010000cc0200001400000000000000000000000000b1040000786c2f736861726564537472696e67732e786d6c504b01021400140008080800156ec65aae9193d645010000a30200000d0000000000000000000000000053060000786c2f7374796c65732e786d6c504b01021400140008080800156ec65a1ccf4de3e30000006b0100000f00000000000000000000000000d3070000786c2f776f726b626f6f6b2e786d6c504b01021400140008080800156ec65a67eba2a8d5000000340200001a00000000000000000000000000f3080000786c2f5f72656c732f776f726b626f6f6b2e786d6c2e72656c73504b01021400140008080800156ec65afa0793abbd0100008c0500001800000000000000000000000000100a0000786c2f776f726b7368656574732f7368656574312e786d6c504b050600000000090009003f020000130c00000000');
SELECT pg_catalog.lo_close(0);

SELECT pg_catalog.lo_open('41119', 131072);
SELECT pg_catalog.lowrite(0, '\x504b03041400080808005370c65a000000000000000000000000130000005b436f6e74656e745f54797065735d2e786d6cb553cb6ec23010fc95c8d72a36f450551581431fc716a9f4035c7b9358f825afa1f0f75d07389452890a71f26366676657f664b671b65a4342137cc3c67cc42af02a68e3bb867d2c5eea7b5661965e4b1b3c346c0bc866d3c9621b012baaf5d8b03ee7f82004aa1e9c441e227842da909ccc744c9d88522d6507e27634ba132af80c3ed7b968b0e9e4095ab9b2b97adcdd17e986c918ad5132532cb1f6fa48b4de0bf20476e0606f22de108155cf1b52d9b54328327186c371613953dd1b0d26190dff8a16dad628d041ad1c957028aa1a741d13115336b0cf399729bf4a478282c87342519034bfc4fb301615129c65588817391e758b3181d4d803646739f632817ecf895ed3ef101b2b7e10ae98236fed892994000372cd09d0ca9d34fe94fb5748cbcf1096d7f32f0ec3fe2ffb0144312ce3430e317cefe937504b0708912c28bc3b0100001d040000504b03041400080808005370c65a0000000000000000000000000b0000005f72656c732f2e72656c73ad92c14a033110865f25ccbd9b6d051169da8b08bd89d4071893d9ddb09b4c4846ddbebdc18bb66c41c1e33033dfff31c9763f8749bd532e9ea38175d382a268d9f9d81b78393eaeee4015c1e870e248064e5460bfdb3ed3845257cae0535195118b814124dd6b5dec40014bc38962ed749c034a2d73af13da117bd29bb6bdd5f92703ce99eae00ce4835b833a62ee490ccc93fee03cbe328f4dc5d6c629d16f42b9ebbca507b66f81a22c645f4c805e76d97cbb38b64f99eb26a6f4df32340b45476e956a0265f1f5e2578c6e168c2c67fa9bd2f547d181041d0a7e512f84f4d91fd87d02504b07086e32084be50000004a020000504b03041400080808005370c65a00000000000000000000000010000000646f6350726f70732f6170702e786d6c4d8ec10ac2301044ef82ff10726fb77a109134a52082277bd00f08e9d6069a4d4856e9e79b937a9c19e6f154b7fa45bc316517a895bbba9102c986d1d1b3958ffba53aca4e6f376a4821626287599407e556ceccf10490ed8cdee4bacc549629246fb8c4f484304dcee239d8974762d837cd017065a411c72a7e8152ab3ec6c559c34542f7d114a4186e5705ffbd829f83fe00504b0708366e832193000000b8000000504b03041400080808005370c65a00000000000000000000000011000000646f6350726f70732f636f72652e786d6c6d90db4ac43010865f25e4be9d1e705943db4594054171c11517ef4232b6c5e64012edeedb9bd6b5820ab948e6ffe66332d5e6a806f281cef746d7344f334a500b237bddd6f469bf4dd694f8c0b5e483d158d3137aba692a6199300e77ce5874a1474fa2477b266c4dbb102c03f0a243c57d1a091dc357e3140ff1e95ab05cbcf116a1c8b215280c5cf2c06112267631d2b3528a4569dfdd300ba4001c50a10e1ef234871f36a053fedf863959c8a3ef176a1cc7742c672e4e94c3e1feee711e3ee9f5f47781b4a9ce6a261cf2809244010b271b57f29d3c97d737fb2d6d8aacb848b2553cfb7ccdb28295972f15fcea9f845f77e39aabb8900ec9eee176e29672057fd6dc7c02504b0708bf68cdc007010000b1010000504b03041400080808005370c65a00000000000000000000000014000000786c2f736861726564537472696e67732e786d6c7d92cf4ac34010c6ef82ef3004043db4d956ac55d2148dd67ab088d4dec764da2eeceec4dd4d51df4abc79ed8bb9d54221919e969def377fbe6192e19b56b022eb249b41d4698b08c8e45c48b31844cfd351ab1f0dd3c383c4390f3957c607e82282cac8d78ab26da017412863dc205a7a5f5ec6b1cb97a4d1b5b9241394395b8d3e7ced2276a5252cdc92c86b157785e8c51aa589d2c4c934f169b6fe2ae482a12050084fe4c8ae30897d9ac41be00f1a51be447887315bdc4f7645f7ac257a2dd187cef9e5a9a8eb93f5b726fbdb6e5691f2e8ea4486c6cb028b0df21816c5a6c94c58bf58da4eb285202c08c6f283f74c77872f5692822cbc641bf2ae6ca624194f75608a56ce11aed135a41b72791572184ab630458debcf5f9b77b62a793ffd6859731e2e821cdcba9272898a1aa677391adfa46ed47ce08d369206555d9aa10a6d8ae0fc7e76f57fde943d2a38ced96c98933a24dae268178bc379a63f504b0708e36eb62660010000cc020000504b03041400080808005370c65a0000000000000000000000000d000000786c2f7374796c65732e786d6ca592b16ec3201086f74a7d07c4dee064a8a2ca264325579d934a5d8939dba870584022bb4f5f304e934c1d3addddcffd1f87cfe56e349a9cc17965b1a2eb5541096063a5c2aea21f87fa694b77fcf1a1f461d2b0ef0102890ef415ed43185e18f34d0f46f8951d00e3496b9d112196ae637e7020a44f26a3d9a6289e99110a292ff1646a133c69ec0943450bca78d95abc2a6b9a055efa6f72163a2a69b6d8d6586d1d5128610459d16dd25018c85daf42aba353334f18a5a72c6f92304fbaf41985d62591e55be6e0a34969fd3bc4866681978308011cd6b1204b7e9806a8285a848c99fbfee896c27dbd3931dd38e6102f3e5a27e3166edf9f255e6a68433438d5f529063bb07418823531914a7416854ec88b634922b601adf769759fed1d7b6c49dec1bb4c9f9fa4e75fd238d092664c2e12ff9696d9ffc692b1bde7cf6876fdddf80f504b0708ae9193d645010000a3020000504b03041400080808005370c65a0000000000000000000000000f000000786c2f776f726b626f6f6b2e786d6c8d8e314fc33010857724fe83753b7502084114a7431152b70e85fd125f12abb12f3a9b969f4f922ac0c8747a7a9fbe7be5f6cb0fea4c121d0703f9260345a161eb4267e0fdf876f70cdbeaf6a6bcb09c6ae6939af8100df4298d85d6b1e9c963dcf048616a5a168f698ad2e9380aa18d3d51f283becfb227edd105b81a0af98f83dbd635f4cacda7a790ae12a101d3b436f66e8c50fd2c3b88b298287fc91e0db43844025d9573f3e1e8127fc1392a6c923bd3116b03d9cce93fe0b279bd2aa027033bf6a3708d2191b2a40ed83128299c35207bfb006a81f753cc17ddead0ebd7ea1b504b07081ccf4de3e30000006b010000504b03041400080808005370c65a0000000000000000000000001a000000786c2f5f72656c732f776f726b626f6f6b2e786d6c2e72656c73ad914d6bc3300c40ff8ad17d71d2c118a36e2f63d06b3f7e80b0953834b18da5b5cbbfafbbc3d640073bf4248cf07b0fb45c7f8d833a51e63e06034d5583a260a3eb4367e0b0ff787a05c582c1e1100319988861bd5a6e6940295fd8f78955610436e045d29bd66c3d8dc8554c14caa68d794429cfdce984f6881de9455dbfe87ccb8039536d9c81bc710da83de68ec4007bcce476924b1a57055c5653a2ff6863dbf696dea3fd1c29c81dbb9ec141df8f59dcc4c834d0e32bbea97fe99f7ff5e7988fec89e45a5e46f3e8921fc13546cfaebdba00504b070867eba2a8d500000034020000504b03041400080808005370c65a00000000000000000000000018000000786c2f776f726b7368656574732f7368656574312e786d6c8d944b4fe3301080ef2bf11f2cdfb7ceb36151120494d23d20ad7661ef6e327988c48e6cd3f2f37152b05a3b3c6e1ee59b6fc663c7e9e54bdfa11d08d97296617fe16104ace065cbea0c3f3eac7f9ee3cbfcec47bae7e24936000ae9042633dc28355c10228b067a2a177c00a6bf545cf454e950d4440e02683925f51d093c6f497ada329ca765db031b2b22015586affc8b4d82499e4eecff16f6f2688dc6d25bce9fc6e0779961dda2a2db7fd041a140c74a3cc3984d9cf4f5d4cd1f814aa8e873a7fef2fd06daba517aa7b1deea7bc91555344f05df23a1bfe8068b7171e5eb42199618c9b1689eee722f253b5da87823ae0f043b22f4040d43b4d16803a30d1cad6f695d22989786461a3a29a1250ddd5ee38f9a8d8c3772bc91e58dbe3f83d86863471b5b5a9758ce4b9746ba7452124bea12e7a7c48d4bfc3a25562ee15bd7e27606b18e783d8304a7c8dd0c629de9660689e6a7949829259f0cf630a5c439d120f43c6f616df3c635f9d629aebe466ebf46d6df6ce8cee5a23071b0cd8c2e39e50ea323478fc3406bb8a7a26e99445bae14ef75ee22d1b7b4e25c811823fd8735fac5334107959a288cc4e1d599d68a0f6fb9e3a3651ed6fc15504b0708fa0793abbd0100008c050000504b010214001400080808005370c65a912c28bc3b0100001d0400001300000000000000000000000000000000005b436f6e74656e745f54797065735d2e786d6c504b010214001400080808005370c65a6e32084be50000004a0200000b000000000000000000000000007c0100005f72656c732f2e72656c73504b010214001400080808005370c65a366e832193000000b800000010000000000000000000000000009a020000646f6350726f70732f6170702e786d6c504b010214001400080808005370c65abf68cdc007010000b101000011000000000000000000000000006b030000646f6350726f70732f636f72652e786d6c504b010214001400080808005370c65ae36eb62660010000cc0200001400000000000000000000000000b1040000786c2f736861726564537472696e67732e786d6c504b010214001400080808005370c65aae9193d645010000a30200000d0000000000000000000000000053060000786c2f7374796c65732e786d6c504b010214001400080808005370c65a1ccf4de3e30000006b0100000f00000000000000000000000000d3070000786c2f776f726b626f6f6b2e786d6c504b010214001400080808005370c65a67eba2a8d5000000340200001a00000000000000000000000000f3080000786c2f5f72656c732f776f726b626f6f6b2e786d6c2e72656c73504b010214001400080808005370c65afa0793abbd0100008c0500001800000000000000000000000000100a0000786c2f776f726b7368656574732f7368656574312e786d6c504b050600000000090009003f020000130c00000000');
SELECT pg_catalog.lo_close(0);

SELECT pg_catalog.lo_open('41120', 131072);
SELECT pg_catalog.lowrite(0, '\x504b03041400080808009481c65a000000000000000000000000130000005b436f6e74656e745f54797065735d2e786d6cb553cb6ec23010fc95c8d72a36f450551581431fc716a9f4035c7b9358f825afa1f0f75d07389452890a71f26366676657f664b671b65a4342137cc3c67cc42af02a68e3bb867d2c5eea7b5661965e4b1b3c346c0bc866d3c9621b012baaf5d8b03ee7f82004aa1e9c441e227842da909ccc744c9d88522d6507e27634ba132af80c3ed7b968b0e9e4095ab9b2b97adcdd17e986c918ad5132532cb1f6fa48b4de0bf20476e0606f22de108155cf1b52d9b54328327186c371613953dd1b0d26190dff8a16dad628d041ad1c957028aa1a741d13115336b0cf399729bf4a478282c87342519034bfc4fb301615129c65588817391e758b3181d4d803646739f632817ecf895ed3ef101b2b7e10ae98236fed892994000372cd09d0ca9d34fe94fb5748cbcf1096d7f32f0ec3fe2ffb0144312ce3430e317cefe937504b0708912c28bc3b0100001d040000504b03041400080808009481c65a0000000000000000000000000b0000005f72656c732f2e72656c73ad92c14a033110865f25ccbd9b6d051169da8b08bd89d4071893d9ddb09b4c4846ddbebdc18bb66c41c1e33033dfff31c9763f8749bd532e9ea38175d382a268d9f9d81b78393eaeee4015c1e870e248064e5460bfdb3ed3845257cae0535195118b814124dd6b5dec40014bc38962ed749c034a2d73af13da117bd29bb6bdd5f92703ce99eae00ce4835b833a62ee490ccc93fee03cbe328f4dc5d6c629d16f42b9ebbca507b66f81a22c645f4c805e76d97cbb38b64f99eb26a6f4df32340b45476e956a0265f1f5e2578c6e168c2c67fa9bd2f547d181041d0a7e512f84f4d91fd87d02504b07086e32084be50000004a020000504b03041400080808009481c65a00000000000000000000000010000000646f6350726f70732f6170702e786d6c4d8ec10ac2301044ef82ff10726fb77a109134a52082277bd00f08e9d6069a4d4856e9e79b937a9c19e6f154b7fa45bc316517a895bbba9102c986d1d1b3958ffba53aca4e6f376a4821626287599407e556ceccf10490ed8cdee4bacc549629246fb8c4f484304dcee239d8974762d837cd017065a411c72a7e8152ab3ec6c559c34542f7d114a4186e5705ffbd829f83fe00504b0708366e832193000000b8000000504b03041400080808009481c65a00000000000000000000000011000000646f6350726f70732f636f72652e786d6c6d90dd4ac43010465fa5e4be9db4c54543db4594054171c18ae25d48c6b6d8fc9044bbfbf6a675ada0422e92f9ce1c26536d0f6a4c3ed0f9c1e89ae41925096a61e4a0bb9a3cb6bbf49c243e702df96834d6e4889e6c9b4a58268cc3bd33165d18d027d1a33d13b6267d08960178d1a3e23e8b848ee1ab718a87f8741d582ede78875050ba0185814b1e38ccc2d4ae4672524ab12aedbb1b17811480232ad4c1439ee5f0c30674caffdbb0242b79f0c34a4dd3944de5c2c5897278bebb7d58864f073dff5d2069aa939a09873ca04ca28085a38d2bf94e9ecaabeb76479a82166729ddc4d31694e5052b2f5e2af8d53f0bbfeec6359771213d26fbfb9b995bcb15fc5973f309504b07087a2d0bd306010000b1010000504b03041400080808009481c65a00000000000000000000000014000000786c2f736861726564537472696e67732e786d6c7d534d6fd34010bd23f11f469690e090d88994082ac7559a125a44aaa831b90ff634d96a3fccee3a6af26ff8013da0deb8fa8f316e2b01ded0e3cebcf97aef6d7a7aa724ecc83a61f4241af493084817a6147a3389bee6f3defbe8347bfd2a75ce43616aed27d1681041adc5f79a664f81e138026ea3dd24da7a5f9dc4b12bb6a4d0f54d459a3337c62af4fcb49bd85596b0745b22af643c4c9271ac50e8284b9dc8529fcd9a87526c0c940412e19a1cd91da6b1cfd2b8053c81e6546c11f670612cbe8c1c26c3512f19f786090c3e9c8c46ddfc55f34b917d1cb7ae497a745dc40cb51725962d64c944191d62ae8cfa66e979936710304170210ee685ed3ee34e906dd37b72b032defcbff34c0ad29eba801cadb841384317a4cec91535d718a88c851c15363f1f2ffd64eb2a98f42f7a698d32059b82f7fae82a2a044a0aeefe53a3f04ea8a0e7c2b4b9b9d028bba9354a1e539284cbf5f4785d6e3c4a785b18dd62de85c228c1d4ce186b9944075fa879d0a101fac99b6e70742c981bd5fc70b066b1252c850eae3956c4d39d477d40985adc232c48072a9f91be45d5dc6b58a1e43dafcd6d68a14b27cad6cd4b940a61deb21af2bd40dfdc7387b9d8d4ec5a84737e1ebaa8e9a676be1db7e086ac1aac999e403ad482983e16974fe5fd5742fe6dd0987f7cf61b504b07086b4063f1e90100001f040000504b03041400080808009481c65a0000000000000000000000000d000000786c2f7374796c65732e786d6ca592b16ec3201086f74a7d07c4dee064a8a2ca264325579d934a5d8939dba870584022bb4f5f304e934c1d3addddcffd1f87cfe56e349a9cc17965b1a2eb5541096063a5c2aea21f87fa694b77fcf1a1f461d2b0ef0102890ef415ed43185e18f34d0f46f8951d00e3496b9d112196ae637e7020a44f26a3d9a6289e99110a292ff1646a133c69ec0943450bca78d95abc2a6b9a055efa6f72163a2a69b6d8d6586d1d5128610459d16dd25018c85daf42aba353334f18a5a72c6f92304fbaf41985d62591e55be6e0a34969fd3bc4866681978308011cd6b1204b7e9806a8285a848c99fbfee896c27dbd3931dd38e6102f3e5a27e3166edf9f255e6a68433438d5f529063bb07418823531914a7416854ec88b634922b601adf769759fed1d7b6c49dec1bb4c9f9fa4e75fd238d092664c2e12ff9696d9ffc692b1bde7cf6876fdddf80f504b0708ae9193d645010000a3020000504b03041400080808009481c65a0000000000000000000000000f000000786c2f776f726b626f6f6b2e786d6c8d8e314fc33010857724fe83753b7502084114a7431152b70e85fd125f12abb12f3a9b969f4f922ac0c8747a7a9fbe7be5f6cb0fea4c121d0703f9260345a161eb4267e0fdf876f70cdbeaf6a6bcb09c6ae6939af8100df4298d85d6b1e9c963dcf048616a5a168f698ad2e9380aa18d3d51f283becfb227edd105b81a0af98f83dbd635f4cacda7a790ae12a101d3b436f66e8c50fd2c3b88b298287fc91e0db43844025d9573f3e1e8127fc1392a6c923bd3116b03d9cce93fe0b279bd2aa027033bf6a3708d2191b2a40ed83128299c35207bfb006a81f753cc17ddead0ebd7ea1b504b07081ccf4de3e30000006b010000504b03041400080808009481c65a0000000000000000000000001a000000786c2f5f72656c732f776f726b626f6f6b2e786d6c2e72656c73ad914d6bc3300c40ff8ad17d71d2c118a36e2f63d06b3f7e80b0953834b18da5b5cbbfafbbc3d640073bf4248cf07b0fb45c7f8d833a51e63e06034d5583a260a3eb4367e0b0ff787a05c582c1e1100319988861bd5a6e6940295fd8f78955610436e045d29bd66c3d8dc8554c14caa68d794429cfdce984f6881de9455dbfe87ccb8039536d9c81bc710da83de68ec4007bcce476924b1a57055c5653a2ff6863dbf696dea3fd1c29c81dbb9ec141df8f59dcc4c834d0e32bbea97fe99f7ff5e7988fec89e45a5e46f3e8921fc13546cfaebdba00504b070867eba2a8d500000034020000504b03041400080808009481c65a00000000000000000000000018000000786c2f776f726b7368656574732f7368656574312e786d6c8d975d6f9b301486ef27ed3f20ee17b003245484aa5d4bb38b4ad3beee69e224a80147c66df6f367d28c247e0f903bacbc7e7c78b0e2e3e4f66fb975de85aa0b59cd5c36f25d47540bb92caaf5ccfdfd2bfb32756fd3cf9f92bd54aff54608ed9809553d73375aef6e3caf5e6c4499d723b91395f9652555996b33546bafde29912f0f93caadc77d3ff2cabca8dc345916a5a89a151d255633f78eddcc59e87a697208ff29c4be3e7b769ab55fa47c6d06df9633d7d4a8f3979f622b165a98b1566fa299edc1f4ec50ce77e52cc52a7fdbea1f723f17c57aa3cdab86e65dff2ff990eb3c4d94dc3bcafc622a5c340f77cc2c34736bd7a99b45d3e43df513efdd2cb43826ee3f12d559623c3a653c436cb1bcc572c0320b8b094e43c72d740c53c616740cb572bfabd8a0e506c00d2c6e00dcb80b1bb6d810b0a185c5444443a3161ac1948905c5c4f432f11513f165e20113ccda168f44c4fac41911e197912722627dd3391109684b93d6d204e7d8ee27b8ad190fcf77cb872c021559b68888f5511e87231916c4c2888776414f98e37114dbb139819b8671d0b56da7adbb29966a6da0fbe995ee0894ed8e88589bf17198926141a61c1f0a7ac25c30c1bae7042ebecc5db88b5b7731fea9d97fa7f195ee1005ee8888ed6e98926141b43bcc91ee085c9f3be69f8e221fedd9a7c63133ac8f80813f2a630bbc82931145d10a8920e99002f64a3c3bcff140e7dc96481ce9b44484a144220312873919515487440cd2120960afc453f7c288e6c46e358e992b2412bd104824322071989311457548c4202d9100f64a3c756b0cdb356ef7550c1bb60e890843894406240e7332a2a80e8918a42512c05e89a7d694616fcaed4e866177da2111612891c880c4614e4614d5211183b44402d82bf1d488b3be3efbe830bcd621b2d021910187c39c8c28aac321066987049074e89d5d1977f95a3ce76a5d54b5f322b596a5993b9a18d44a4a2d5433321b7c632ec2ed602b56fa90721df571173d3c6bb93bce6daeb2ed7d3bfd07504b0708e61d3e90e6020000a30f0000504b010214001400080808009481c65a912c28bc3b0100001d0400001300000000000000000000000000000000005b436f6e74656e745f54797065735d2e786d6c504b010214001400080808009481c65a6e32084be50000004a0200000b000000000000000000000000007c0100005f72656c732f2e72656c73504b010214001400080808009481c65a366e832193000000b800000010000000000000000000000000009a020000646f6350726f70732f6170702e786d6c504b010214001400080808009481c65a7a2d0bd306010000b101000011000000000000000000000000006b030000646f6350726f70732f636f72652e786d6c504b010214001400080808009481c65a6b4063f1e90100001f0400001400000000000000000000000000b0040000786c2f736861726564537472696e67732e786d6c504b010214001400080808009481c65aae9193d645010000a30200000d00000000000000000000000000db060000786c2f7374796c65732e786d6c504b010214001400080808009481c65a1ccf4de3e30000006b0100000f000000000000000000000000005b080000786c2f776f726b626f6f6b2e786d6c504b010214001400080808009481c65a67eba2a8d5000000340200001a000000000000000000000000007b090000786c2f5f72656c732f776f726b626f6f6b2e786d6c2e72656c73504b010214001400080808009481c65ae61d3e90e6020000a30f00001800000000000000000000000000980a0000786c2f776f726b7368656574732f7368656574312e786d6c504b050600000000090009003f020000c40d00000000');
SELECT pg_catalog.lo_close(0);

SELECT pg_catalog.lo_open('41127', 131072);
SELECT pg_catalog.lowrite(0, '\x504b03041400080808006496c65a000000000000000000000000130000005b436f6e74656e745f54797065735d2e786d6cb553cb6ec23010fc95c8d72a36f450551581431fc716a9f4035c7b9358f825afa1f0f75d07389452890a71f26366676657f664b671b65a4342137cc3c67cc42af02a68e3bb867d2c5eea7b5661965e4b1b3c346c0bc866d3c9621b012baaf5d8b03ee7f82004aa1e9c441e227842da909ccc744c9d88522d6507e27634ba132af80c3ed7b968b0e9e4095ab9b2b97adcdd17e986c918ad5132532cb1f6fa48b4de0bf20476e0606f22de108155cf1b52d9b54328327186c371613953dd1b0d26190dff8a16dad628d041ad1c957028aa1a741d13115336b0cf399729bf4a478282c87342519034bfc4fb301615129c65588817391e758b3181d4d803646739f632817ecf895ed3ef101b2b7e10ae98236fed892994000372cd09d0ca9d34fe94fb5748cbcf1096d7f32f0ec3fe2ffb0144312ce3430e317cefe937504b0708912c28bc3b0100001d040000504b03041400080808006496c65a0000000000000000000000000b0000005f72656c732f2e72656c73ad92c14a033110865f25ccbd9b6d051169da8b08bd89d4071893d9ddb09b4c4846ddbebdc18bb66c41c1e33033dfff31c9763f8749bd532e9ea38175d382a268d9f9d81b78393eaeee4015c1e870e248064e5460bfdb3ed3845257cae0535195118b814124dd6b5dec40014bc38962ed749c034a2d73af13da117bd29bb6bdd5f92703ce99eae00ce4835b833a62ee490ccc93fee03cbe328f4dc5d6c629d16f42b9ebbca507b66f81a22c645f4c805e76d97cbb38b64f99eb26a6f4df32340b45476e956a0265f1f5e2578c6e168c2c67fa9bd2f547d181041d0a7e512f84f4d91fd87d02504b07086e32084be50000004a020000504b03041400080808006496c65a00000000000000000000000010000000646f6350726f70732f6170702e786d6c4d8ec10ac2301044ef82ff10726fb77a109134a52082277bd00f08e9d6069a4d4856e9e79b937a9c19e6f154b7fa45bc316517a895bbba9102c986d1d1b3958ffba53aca4e6f376a4821626287599407e556ceccf10490ed8cdee4bacc549629246fb8c4f484304dcee239d8974762d837cd017065a411c72a7e8152ab3ec6c559c34542f7d114a4186e5705ffbd829f83fe00504b0708366e832193000000b8000000504b03041400080808006496c65a00000000000000000000000011000000646f6350726f70732f636f72652e786d6c6d90614bc3301086ff4ac8f7f6d28e4d096d872803417160c5e1b7909c6db14d4212edf6ef4debaca0423e24f73ef770b9627b1c7af281ce774697344b1925a8a5519d6e4afa54ef924b4a7c105a89de682ce9093ddd5685b45c1a877b672cbad0a127d1a33d97b6a46d08960378d9e2207c1a091dc357e30611e2d33560857c130d42ced806060c4289206012267631d2b352c94569df5d3f0b9404ec71401d3c6469063f6c4037f87f1be664218fbe5ba8711cd371357371a20c0ef7778ff3f049a7a7bf4ba455715673e9500454240a7838d9b892efe479757d53ef6895b37c9db04d3c759ef375c6d9c54b01bffa27e1d7ddb8ea2a2ea445b27fb89db8a55cc09f35579f504b0708d527598306010000b1010000504b03041400080808006496c65a00000000000000000000000014000000786c2f736861726564537472696e67732e786d6c7d92c14a03410c86ef82ef1016043db43b16ac5ab62bda5aebc1225a7b8fbb693b30335967664bf5adc49bd7be98b35a28ec4a8fc9ff25f913925cadb582155927d9f4a3d3b688804cc6b9348b7ef4321db52ea2abf4f02071ce43c6a5f101ba8ca034f2ada4c136d18d20b431ae1f2dbd2f7a71ecb22569746d2ec80465ce56a30fa15dc4aeb084b95b1279ade28e10dd58a334519a3899263e1d6cbe72b960c80914c21339b22b4c629f267105fc4123ca9608ef30668bfbc98ee89cb544b725cee154f484a8eb93cdb726fb3b6e5692f2e8eac4008d9739e615f2180ec5a6c94c58bf5ada3ad942100e0463f9c17bdc0dd1480af2ad2ba4e10f8467a99ad4aefb4049329eeac014ad9c23dca06b48437259196a180ab630458d9bcfdf6def6c59f07efad1b2e62c3c06b9ca216512153576dfd5685c4bdde8f9c095369206555d9aa10a637252703fbbfebf6eca1e151c676c2ae6a40e89b638dae5e2f0a5e90f504b070875fa2dfa62010000d3020000504b03041400080808006496c65a0000000000000000000000000d000000786c2f7374796c65732e786d6ca592b16ec3201086f74a7d07c4dee064a8a2ca264325579d934a5d8939dba870584022bb4f5f304e934c1d3addddcffd1f87cfe56e349a9cc17965b1a2eb5541096063a5c2aea21f87fa694b77fcf1a1f461d2b0ef0102890ef415ed43185e18f34d0f46f8951d00e3496b9d112196ae637e7020a44f26a3d9a6289e99110a292ff1646a133c69ec0943450bca78d95abc2a6b9a055efa6f72163a2a69b6d8d6586d1d5128610459d16dd25018c85daf42aba353334f18a5a72c6f92304fbaf41985d62591e55be6e0a34969fd3bc4866681978308011cd6b1204b7e9806a8285a848c99fbfee896c27dbd3931dd38e6102f3e5a27e3166edf9f255e6a68433438d5f529063bb07418823531914a7416854ec88b634922b601adf769759fed1d7b6c49dec1bb4c9f9fa4e75fd238d092664c2e12ff9696d9ffc692b1bde7cf6876fdddf80f504b0708ae9193d645010000a3020000504b03041400080808006496c65a0000000000000000000000000f000000786c2f776f726b626f6f6b2e786d6c8d8e314fc33010857724fe83753b7502084114a7431152b70e85fd125f12abb12f3a9b969f4f922ac0c8747a7a9fbe7be5f6cb0fea4c121d0703f9260345a161eb4267e0fdf876f70cdbeaf6a6bcb09c6ae6939af8100df4298d85d6b1e9c963dcf048616a5a168f698ad2e9380aa18d3d51f283becfb227edd105b81a0af98f83dbd635f4cacda7a790ae12a101d3b436f66e8c50fd2c3b88b298287fc91e0db43844025d9573f3e1e8127fc1392a6c923bd3116b03d9cce93fe0b279bd2aa027033bf6a3708d2191b2a40ed83128299c35207bfb006a81f753cc17ddead0ebd7ea1b504b07081ccf4de3e30000006b010000504b03041400080808006496c65a0000000000000000000000001a000000786c2f5f72656c732f776f726b626f6f6b2e786d6c2e72656c73ad914d6bc3300c40ff8ad17d71d2c118a36e2f63d06b3f7e80b0953834b18da5b5cbbfafbbc3d640073bf4248cf07b0fb45c7f8d833a51e63e06034d5583a260a3eb4367e0b0ff787a05c582c1e1100319988861bd5a6e6940295fd8f78955610436e045d29bd66c3d8dc8554c14caa68d794429cfdce984f6881de9455dbfe87ccb8039536d9c81bc710da83de68ec4007bcce476924b1a57055c5653a2ff6863dbf696dea3fd1c29c81dbb9ec141df8f59dcc4c834d0e32bbea97fe99f7ff5e7988fec89e45a5e46f3e8921fc13546cfaebdba00504b070867eba2a8d500000034020000504b03041400080808006496c65a00000000000000000000000018000000786c2f776f726b7368656574732f7368656574312e786d6c8d944b8f9b301080ef95fa1f2cdf1b838190ae80d5b6d96c7aa854f57577607868c146b637e9cfaf215b37b1d96e6f1ef1cd37e3b17176fb6be8d111a4ea04cf71b80a30025e8aaae34d8e7f7cdfbddbe0dbe2ed9bec24e4a36a013432095ce5b8d57abc2144952d0c4cadc408dc7ca9851c9836a16c881a25b06a4e1a7a4283604d06d6715c645537009f2a2209758eefc29b7d8a4991cdeccf0e4eea628da6d207211ea7e0539563d3a266876fd043a9c1c45a3ec1944dbcf4dddccd17892aa8d953afbf8ad31ebaa6d566a789d9ea9f925ba65991497142d27c310d96d3e22e348572ac305253d1223b1641468ea650f94c7c3813fc8288577f19628c564bad967adad0d1fa045d9646561a792991238dbc5ec3e0a56663eb8d3d6fec7863dffb9236b1dac4d3268ed627d6cbd2b595aebd94d491fac4e69af8e813efaf89ad4f84ceb5b85f409c23de2d20f41a7958409c33dd2f20f1f294523ba5f41f833d4f29f54f34a5c9e56539cfca3785ce296e5f47ee5f4776ffd9d083cf4534ddb8d8dec76890d08d776bc9c5e330b2063e33d9745ca183d05a0c2677959a5b5a0ba1414e91f9c35af3e2d9a0875acf1446f2fceacc6b2dc6e7dce9d1b20f6bf11b504b0708708f7d70c10100008c050000504b010214001400080808006496c65a912c28bc3b0100001d0400001300000000000000000000000000000000005b436f6e74656e745f54797065735d2e786d6c504b010214001400080808006496c65a6e32084be50000004a0200000b000000000000000000000000007c0100005f72656c732f2e72656c73504b010214001400080808006496c65a366e832193000000b800000010000000000000000000000000009a020000646f6350726f70732f6170702e786d6c504b010214001400080808006496c65ad527598306010000b101000011000000000000000000000000006b030000646f6350726f70732f636f72652e786d6c504b010214001400080808006496c65a75fa2dfa62010000d30200001400000000000000000000000000b0040000786c2f736861726564537472696e67732e786d6c504b010214001400080808006496c65aae9193d645010000a30200000d0000000000000000000000000054060000786c2f7374796c65732e786d6c504b010214001400080808006496c65a1ccf4de3e30000006b0100000f00000000000000000000000000d4070000786c2f776f726b626f6f6b2e786d6c504b010214001400080808006496c65a67eba2a8d5000000340200001a00000000000000000000000000f4080000786c2f5f72656c732f776f726b626f6f6b2e786d6c2e72656c73504b010214001400080808006496c65a708f7d70c10100008c0500001800000000000000000000000000110a0000786c2f776f726b7368656574732f7368656574312e786d6c504b050600000000090009003f020000180c00000000');
SELECT pg_catalog.lo_close(0);

SELECT pg_catalog.lo_open('41128', 131072);
SELECT pg_catalog.lowrite(0, '\x504b0304140008080800a796c65a000000000000000000000000130000005b436f6e74656e745f54797065735d2e786d6cb553cb6ec23010fc95c8d72a36f450551581431fc716a9f4035c7b9358f825afa1f0f75d07389452890a71f26366676657f664b671b65a4342137cc3c67cc42af02a68e3bb867d2c5eea7b5661965e4b1b3c346c0bc866d3c9621b012baaf5d8b03ee7f82004aa1e9c441e227842da909ccc744c9d88522d6507e27634ba132af80c3ed7b968b0e9e4095ab9b2b97adcdd17e986c918ad5132532cb1f6fa48b4de0bf20476e0606f22de108155cf1b52d9b54328327186c371613953dd1b0d26190dff8a16dad628d041ad1c957028aa1a741d13115336b0cf399729bf4a478282c87342519034bfc4fb301615129c65588817391e758b3181d4d803646739f632817ecf895ed3ef101b2b7e10ae98236fed892994000372cd09d0ca9d34fe94fb5748cbcf1096d7f32f0ec3fe2ffb0144312ce3430e317cefe937504b0708912c28bc3b0100001d040000504b0304140008080800a796c65a0000000000000000000000000b0000005f72656c732f2e72656c73ad92c14a033110865f25ccbd9b6d051169da8b08bd89d4071893d9ddb09b4c4846ddbebdc18bb66c41c1e33033dfff31c9763f8749bd532e9ea38175d382a268d9f9d81b78393eaeee4015c1e870e248064e5460bfdb3ed3845257cae0535195118b814124dd6b5dec40014bc38962ed749c034a2d73af13da117bd29bb6bdd5f92703ce99eae00ce4835b833a62ee490ccc93fee03cbe328f4dc5d6c629d16f42b9ebbca507b66f81a22c645f4c805e76d97cbb38b64f99eb26a6f4df32340b45476e956a0265f1f5e2578c6e168c2c67fa9bd2f547d181041d0a7e512f84f4d91fd87d02504b07086e32084be50000004a020000504b0304140008080800a796c65a00000000000000000000000010000000646f6350726f70732f6170702e786d6c4d8ec10ac2301044ef82ff10726fb77a109134a52082277bd00f08e9d6069a4d4856e9e79b937a9c19e6f154b7fa45bc316517a895bbba9102c986d1d1b3958ffba53aca4e6f376a4821626287599407e556ceccf10490ed8cdee4bacc549629246fb8c4f484304dcee239d8974762d837cd017065a411c72a7e8152ab3ec6c559c34542f7d114a4186e5705ffbd829f83fe00504b0708366e832193000000b8000000504b0304140008080800a796c65a00000000000000000000000011000000646f6350726f70732f636f72652e786d6c6d90db4ac43010865f25e4be9d1edc4542db4594054171c11517ef4232b6c5e64012edeedb9bd6b5820ab948e6ffe66332d5e6a806f281cef746d7344f334a500b237bddd6f469bf4d2e29f1816bc907a3b1a627f474d354c232611cee9cb1e8428f9e448ff64cd89a76215806e045878afb34123a86afc6291ee2d3b560b978e32d4291656b5018b8e481c3244cec62a467a5148bd2bebb6116480138a0421d3ce4690e3f6c40a7fcbf0d73b29047df2fd4388ee958ce5c9c2887c3fddde33c7cd2ebe9ef0269539dd54c38e401258902164e36aee43b792eaf6ff65bda1459b14ab2753cfba260ab92e5172f15fcea9f845f77e39aabb8900ec9eee176e29672057fd6dc7c02504b070806f2bef207010000b1010000504b0304140008080800a796c65a00000000000000000000000014000000786c2f736861726564537472696e67732e786d6c7d93cd4e1b3110c7ef95fa0e234b95da43b2ce56a5056d1695d0941e40114d739fee0e8991edd97abc08789b3e0007c4add77db13a8084b48b72f4fc7ff33d2e0eaf9d852b0a62d84fd564ac1590afb8367e3d55bf96f3d1177558be7d538844a8b8f571aaf2cf0a5a6ffeb4347b324cf615a4305ea66a1363739065526dc8a18cb9219f940b0e0e637a8675264d20ac6543149dcd72adf73287c6abb2105316b19c750fb55933d40416e19c84c21516592c8b6c0b3c4173aa36083770c2017793b9ce3f8df4de48ef43ae0f3eeabe7ed6fd73141ed3ad5ab211a54fccd0475363bd45166950ec87cc19bbdf819e2b7986200d084ecc2defa8ee88fc25baeecec34fb42870ce97bb82cfac211fa90f2c31980b84239481744c52b5c987a1e1004b74d8dd3f36fb3db40defa617811d57e92e48e09b345419b434a8eec5c7e1b5718398a7bcd5e6c6a3ed4b2bb4294d4d167eacbebeeeb7e48816de57ecb7cc8741e7ecbabf02abb41f0b0be307d9277aacdff58dafd94e317677690373b36ed33d201ca7e7ed0b95a50f50fe07504b0708378b89db8d0100002e030000504b0304140008080800a796c65a0000000000000000000000000d000000786c2f7374796c65732e786d6ca592b16ec3201086f74a7d07c4dee064a8a2ca264325579d934a5d8939dba870584022bb4f5f304e934c1d3addddcffd1f87cfe56e349a9cc17965b1a2eb5541096063a5c2aea21f87fa694b77fcf1a1f461d2b0ef0102890ef415ed43185e18f34d0f46f8951d00e3496b9d112196ae637e7020a44f26a3d9a6289e99110a292ff1646a133c69ec0943450bca78d95abc2a6b9a055efa6f72163a2a69b6d8d6586d1d5128610459d16dd25018c85daf42aba353334f18a5a72c6f92304fbaf41985d62591e55be6e0a34969fd3bc4866681978308011cd6b1204b7e9806a8285a848c99fbfee896c27dbd3931dd38e6102f3e5a27e3166edf9f255e6a68433438d5f529063bb07418823531914a7416854ec88b634922b601adf769759fed1d7b6c49dec1bb4c9f9fa4e75fd238d092664c2e12ff9696d9ffc692b1bde7cf6876fdddf80f504b0708ae9193d645010000a3020000504b0304140008080800a796c65a0000000000000000000000000f000000786c2f776f726b626f6f6b2e786d6c8d8e314fc33010857724fe83753b7502084114a7431152b70e85fd125f12abb12f3a9b969f4f922ac0c8747a7a9fbe7be5f6cb0fea4c121d0703f9260345a161eb4267e0fdf876f70cdbeaf6a6bcb09c6ae6939af8100df4298d85d6b1e9c963dcf048616a5a168f698ad2e9380aa18d3d51f283becfb227edd105b81a0af98f83dbd635f4cacda7a790ae12a101d3b436f66e8c50fd2c3b88b298287fc91e0db43844025d9573f3e1e8127fc1392a6c923bd3116b03d9cce93fe0b279bd2aa027033bf6a3708d2191b2a40ed83128299c35207bfb006a81f753cc17ddead0ebd7ea1b504b07081ccf4de3e30000006b010000504b0304140008080800a796c65a0000000000000000000000001a000000786c2f5f72656c732f776f726b626f6f6b2e786d6c2e72656c73ad914d6bc3300c40ff8ad17d71d2c118a36e2f63d06b3f7e80b0953834b18da5b5cbbfafbbc3d640073bf4248cf07b0fb45c7f8d833a51e63e06034d5583a260a3eb4367e0b0ff787a05c582c1e1100319988861bd5a6e6940295fd8f78955610436e045d29bd66c3d8dc8554c14caa68d794429cfdce984f6881de9455dbfe87ccb8039536d9c81bc710da83de68ec4007bcce476924b1a57055c5653a2ff6863dbf696dea3fd1c29c81dbb9ec141df8f59dcc4c834d0e32bbea97fe99f7ff5e7988fec89e45a5e46f3e8921fc13546cfaebdba00504b070867eba2a8d500000034020000504b0304140008080800a796c65a00000000000000000000000018000000786c2f776f726b7368656574732f7368656574312e786d6c8d954b6f9c301446f795fa1f90f71ddeaf0888922664ba8854f5b567c03c14c0c83833fdf9354c6acdf8dec964678b738f2f9f0d4e6eff0ebdb1a77ceed898127b6311838e25abbab149c9ef5ff99788dc669f3f2507c65fe6965261c882714e492bc474639a73d9d2a198376ca2a37c52333e14424e7963ce13a745b5160dbde95856600e4537922ca9ba818ecb8a06a7754aeeec9b6d4ccc2c59d93f1d3dcc276363597ac7d8cb32f956a544b6288add4fdad352503917fc952ed52628cfd76ebe73a3a275f1da8b1fecb0a55dd30af9a6be7cd5ff4b3e14a2c812ce0e06974f6483e532b8b3e542299989312f8b66c93eb312732f172adf88fb23319e1052ab18531a95d6515a07686d4d0b090797ba4aea82125793baa057c7bad4aca7bc1ef07a9ad7035ef792d6575a1f687d4d0b890097064a1a8092509342223a27be42223e271e20616bc7e21141b42dce11c439479e1044dbd32d8278784aa14a2984357af6213c2abe659d9e966358882ad0d242106d531eaf5b72a4a1a523bda127c8794ee8ebd816d1056178f1d38d5476116c553b40f7d107b343547a7608a26777dd92230da1d9410ecd0ed1bd975dacb28bdff9a08fd1c51f8c0e9a407408a24777dd92230da1d1410e8d0ed1a1d1992797d25434f4b9e04d37cec68e09c10659bb09e5dfb1664c50becce49fbd9537ad9af4b4162b450c7ebcedd6b160d35bed7259aa0b3dfb07504b070840e89bfa0902000004080000504b01021400140008080800a796c65a912c28bc3b0100001d0400001300000000000000000000000000000000005b436f6e74656e745f54797065735d2e786d6c504b01021400140008080800a796c65a6e32084be50000004a0200000b000000000000000000000000007c0100005f72656c732f2e72656c73504b01021400140008080800a796c65a366e832193000000b800000010000000000000000000000000009a020000646f6350726f70732f6170702e786d6c504b01021400140008080800a796c65a06f2bef207010000b101000011000000000000000000000000006b030000646f6350726f70732f636f72652e786d6c504b01021400140008080800a796c65a378b89db8d0100002e0300001400000000000000000000000000b1040000786c2f736861726564537472696e67732e786d6c504b01021400140008080800a796c65aae9193d645010000a30200000d0000000000000000000000000080060000786c2f7374796c65732e786d6c504b01021400140008080800a796c65a1ccf4de3e30000006b0100000f0000000000000000000000000000080000786c2f776f726b626f6f6b2e786d6c504b01021400140008080800a796c65a67eba2a8d5000000340200001a0000000000000000000000000020090000786c2f5f72656c732f776f726b626f6f6b2e786d6c2e72656c73504b01021400140008080800a796c65a40e89bfa090200000408000018000000000000000000000000003d0a0000786c2f776f726b7368656574732f7368656574312e786d6c504b050600000000090009003f0200008c0c00000000');
SELECT pg_catalog.lo_close(0);

SELECT pg_catalog.lo_open('41129', 131072);
SELECT pg_catalog.lowrite(0, '\x504b0304140008080800ed96c65a000000000000000000000000130000005b436f6e74656e745f54797065735d2e786d6cb553cb6ec23010fc95c8d72a36f450551581431fc716a9f4035c7b9358f825afa1f0f75d07389452890a71f26366676657f664b671b65a4342137cc3c67cc42af02a68e3bb867d2c5eea7b5661965e4b1b3c346c0bc866d3c9621b012baaf5d8b03ee7f82004aa1e9c441e227842da909ccc744c9d88522d6507e27634ba132af80c3ed7b968b0e9e4095ab9b2b97adcdd17e986c918ad5132532cb1f6fa48b4de0bf20476e0606f22de108155cf1b52d9b54328327186c371613953dd1b0d26190dff8a16dad628d041ad1c957028aa1a741d13115336b0cf399729bf4a478282c87342519034bfc4fb301615129c65588817391e758b3181d4d803646739f632817ecf895ed3ef101b2b7e10ae98236fed892994000372cd09d0ca9d34fe94fb5748cbcf1096d7f32f0ec3fe2ffb0144312ce3430e317cefe937504b0708912c28bc3b0100001d040000504b0304140008080800ed96c65a0000000000000000000000000b0000005f72656c732f2e72656c73ad92c14a033110865f25ccbd9b6d051169da8b08bd89d4071893d9ddb09b4c4846ddbebdc18bb66c41c1e33033dfff31c9763f8749bd532e9ea38175d382a268d9f9d81b78393eaeee4015c1e870e248064e5460bfdb3ed3845257cae0535195118b814124dd6b5dec40014bc38962ed749c034a2d73af13da117bd29bb6bdd5f92703ce99eae00ce4835b833a62ee490ccc93fee03cbe328f4dc5d6c629d16f42b9ebbca507b66f81a22c645f4c805e76d97cbb38b64f99eb26a6f4df32340b45476e956a0265f1f5e2578c6e168c2c67fa9bd2f547d181041d0a7e512f84f4d91fd87d02504b07086e32084be50000004a020000504b0304140008080800ed96c65a00000000000000000000000010000000646f6350726f70732f6170702e786d6c4d8ec10ac2301044ef82ff10726fb77a109134a52082277bd00f08e9d6069a4d4856e9e79b937a9c19e6f154b7fa45bc316517a895bbba9102c986d1d1b3958ffba53aca4e6f376a4821626287599407e556ceccf10490ed8cdee4bacc549629246fb8c4f484304dcee239d8974762d837cd017065a411c72a7e8152ab3ec6c559c34542f7d114a4186e5705ffbd829f83fe00504b0708366e832193000000b8000000504b0304140008080800ed96c65a00000000000000000000000011000000646f6350726f70732f636f72652e786d6c6d90dd4ac43010465fa5e4be9d364b8b84b68b280b82e2822b8a772119db62f34312edeedb9bd6b5820ab948e63b73984cbd3daa31f940e707a31b52643949500b2307dd35e4f1b04b2f48e203d7928f4663434ee8c9b6ad8565c238dc3b63d185017d123dda33611bd287601980173d2aeeb348e818be1aa778884fd781e5e28d770834cf2b5018b8e481c32c4ced6a2467a514abd2bebb7111480138a2421d3c1459013f6c40a7fcbf0d4bb292473facd4344dd9b459b8385101cf77b70fcbf0e9a0e7bf0b246d7d5633e19007944914b070b27125dfc9d3e6eafab0232dcd6999e6553c074a5959325abdd4f0ab7f167edd8d6b2fe3427a4cf6f73733b7966bf8b3e6f613504b070863d09df806010000b1010000504b0304140008080800ed96c65a00000000000000000000000014000000786c2f736861726564537472696e67732e786d6c7d93df4ac33014c6ef05dfe15010f4626b37998a741d5a9d8a282273f7c7f4b805939c9aa4437d2bf1cedbbd98e91c08ed180442cef7fbce9f90a4a377ad6041d64936c3a8d74d222023b89066368c9e26e3ce4934ca767752e73c08ae8c1f46fde3082a23df2acad781600a698c1b4673efcbd33876624e1a5d974b32417961abd187a39dc5aeb484859b1379ade27e921cc51aa589b2d4c92cf559befc2ee48ca12050088fe4c82e308d7d96c635f0078d49cc113ee09a2d6e27fb497fd049ea05bdc1e961d2d4ef973f9aecaadcb422e5d135891c8d97051635f2102e8a4d9bb967fd6c69ddc91a827041702d3f794b7757f86c2529c8c34eb625ffa7cd9524e3a9094cd0ca178473742de9829ca88287a1640b13d4b8fc5a8d7965ab92b7d30f96358bf022c8c1a52b494854d41afadfa3f15dea56ce3baeb5b134a89ad21455285384c96fa6679b7d13f6a8605fb0a9998326d44bbac95e3338d814ac470faf24476bd18956979b2cb7f2556e30c4e11364bf504b0708599ec37c7501000032030000504b0304140008080800ed96c65a0000000000000000000000000d000000786c2f7374796c65732e786d6ca592b16ec3201086f74a7d07c4dee064a8a2ca264325579d934a5d8939dba870584022bb4f5f304e934c1d3addddcffd1f87cfe56e349a9cc17965b1a2eb5541096063a5c2aea21f87fa694b77fcf1a1f461d2b0ef0102890ef415ed43185e18f34d0f46f8951d00e3496b9d112196ae637e7020a44f26a3d9a6289e99110a292ff1646a133c69ec0943450bca78d95abc2a6b9a055efa6f72163a2a69b6d8d6586d1d5128610459d16dd25018c85daf42aba353334f18a5a72c6f92304fbaf41985d62591e55be6e0a34969fd3bc4866681978308011cd6b1204b7e9806a8285a848c99fbfee896c27dbd3931dd38e6102f3e5a27e3166edf9f255e6a68433438d5f529063bb07418823531914a7416854ec88b634922b601adf769759fed1d7b6c49dec1bb4c9f9fa4e75fd238d092664c2e12ff9696d9ffc692b1bde7cf6876fdddf80f504b0708ae9193d645010000a3020000504b0304140008080800ed96c65a0000000000000000000000000f000000786c2f776f726b626f6f6b2e786d6c8d8e314fc33010857724fe83753b7502084114a7431152b70e85fd125f12abb12f3a9b969f4f922ac0c8747a7a9fbe7be5f6cb0fea4c121d0703f9260345a161eb4267e0fdf876f70cdbeaf6a6bcb09c6ae6939af8100df4298d85d6b1e9c963dcf048616a5a168f698ad2e9380aa18d3d51f283becfb227edd105b81a0af98f83dbd635f4cacda7a790ae12a101d3b436f66e8c50fd2c3b88b298287fc91e0db43844025d9573f3e1e8127fc1392a6c923bd3116b03d9cce93fe0b279bd2aa027033bf6a3708d2191b2a40ed83128299c35207bfb006a81f753cc17ddead0ebd7ea1b504b07081ccf4de3e30000006b010000504b0304140008080800ed96c65a0000000000000000000000001a000000786c2f5f72656c732f776f726b626f6f6b2e786d6c2e72656c73ad914d6bc3300c40ff8ad17d71d2c118a36e2f63d06b3f7e80b0953834b18da5b5cbbfafbbc3d640073bf4248cf07b0fb45c7f8d833a51e63e06034d5583a260a3eb4367e0b0ff787a05c582c1e1100319988861bd5a6e6940295fd8f78955610436e045d29bd66c3d8dc8554c14caa68d794429cfdce984f6881de9455dbfe87ccb8039536d9c81bc710da83de68ec4007bcce476924b1a57055c5653a2ff6863dbf696dea3fd1c29c81dbb9ec141df8f59dcc4c834d0e32bbea97fe99f7ff5e7988fec89e45a5e46f3e8921fc13546cfaebdba00504b070867eba2a8d500000034020000504b0304140008080800ed96c65a00000000000000000000000018000000786c2f776f726b7368656574732f7368656574312e786d6c8d954b8f9b301446f795fa1f90f70defd70818cd3461d2c548555f7b02e6a1018c6c4fd29f5f43a66eb06f9ad96171eeb9970f8393fbdf436f1c31651d1953646f2c64e0b12455373629faf923ff14a1fbece387e444e80b6b31e6862818598a5acea73bd364658b87826dc8844771a7267428b858d2c66413c545b5140dbde95856600e4537a22ca9ba018f734783e23a450ff6dd3e4666962cecaf0e9fd8c5b531b73e10f2322fbe54291223f2e2f01df7b8e458ac397dc573b5a995e7cb345fa951e1ba78edf93772dae3ae69b978525f3ceadf96db82175942c9c9a0e28e18b09c2f1e6cd128450c196c6e9a25c7cc4acca36854be118f6762bc2082cd3fc61446a975a4d6d1b4b6a2d5090796ba52ea6a25ae2275b5591debdab09ef47a9ad753bc9ee675af697da9f535adaf68752280a58194065a49a84875225a139f75225e135b9db0956db10310e515e700e2ac91270051dee91e403c38a550a614fe27d8734aa1be537ccbbadc2ce7ac7493adbcc52d8028dd76b7915c1fc89e2752077a020677435fc5f680ce8b56dc2aba484617e9a3aa3b2c7a6776804acd0e4094ddbabb6dc98181c0ec74ce7380ec005d105ecf2e96d9c5faa8ca97f518bf333b40a56607206a76b72d393010989dce81d9013a303bf3e2509a8a063f17b4e946661c08e76410b59b50fc1d6b4238a6f34afcd95b71d2ca458f6bbe50c8a0e7d36eb9e6647aab9d0f4b79a0677f00504b0708333315b21002000004080000504b01021400140008080800ed96c65a912c28bc3b0100001d0400001300000000000000000000000000000000005b436f6e74656e745f54797065735d2e786d6c504b01021400140008080800ed96c65a6e32084be50000004a0200000b000000000000000000000000007c0100005f72656c732f2e72656c73504b01021400140008080800ed96c65a366e832193000000b800000010000000000000000000000000009a020000646f6350726f70732f6170702e786d6c504b01021400140008080800ed96c65a63d09df806010000b101000011000000000000000000000000006b030000646f6350726f70732f636f72652e786d6c504b01021400140008080800ed96c65a599ec37c75010000320300001400000000000000000000000000b0040000786c2f736861726564537472696e67732e786d6c504b01021400140008080800ed96c65aae9193d645010000a30200000d0000000000000000000000000067060000786c2f7374796c65732e786d6c504b01021400140008080800ed96c65a1ccf4de3e30000006b0100000f00000000000000000000000000e7070000786c2f776f726b626f6f6b2e786d6c504b01021400140008080800ed96c65a67eba2a8d5000000340200001a0000000000000000000000000007090000786c2f5f72656c732f776f726b626f6f6b2e786d6c2e72656c73504b01021400140008080800ed96c65a333315b210020000040800001800000000000000000000000000240a0000786c2f776f726b7368656574732f7368656574312e786d6c504b050600000000090009003f0200007a0c00000000');
SELECT pg_catalog.lo_close(0);

SELECT pg_catalog.lo_open('41130', 131072);
SELECT pg_catalog.lowrite(0, '\x504b03041400080808001797c65a000000000000000000000000130000005b436f6e74656e745f54797065735d2e786d6cb553cb6ec23010fc95c8d72a36f450551581431fc716a9f4035c7b9358f825afa1f0f75d07389452890a71f26366676657f664b671b65a4342137cc3c67cc42af02a68e3bb867d2c5eea7b5661965e4b1b3c346c0bc866d3c9621b012baaf5d8b03ee7f82004aa1e9c441e227842da909ccc744c9d88522d6507e27634ba132af80c3ed7b968b0e9e4095ab9b2b97adcdd17e986c918ad5132532cb1f6fa48b4de0bf20476e0606f22de108155cf1b52d9b54328327186c371613953dd1b0d26190dff8a16dad628d041ad1c957028aa1a741d13115336b0cf399729bf4a478282c87342519034bfc4fb301615129c65588817391e758b3181d4d803646739f632817ecf895ed3ef101b2b7e10ae98236fed892994000372cd09d0ca9d34fe94fb5748cbcf1096d7f32f0ec3fe2ffb0144312ce3430e317cefe937504b0708912c28bc3b0100001d040000504b03041400080808001797c65a0000000000000000000000000b0000005f72656c732f2e72656c73ad92c14a033110865f25ccbd9b6d051169da8b08bd89d4071893d9ddb09b4c4846ddbebdc18bb66c41c1e33033dfff31c9763f8749bd532e9ea38175d382a268d9f9d81b78393eaeee4015c1e870e248064e5460bfdb3ed3845257cae0535195118b814124dd6b5dec40014bc38962ed749c034a2d73af13da117bd29bb6bdd5f92703ce99eae00ce4835b833a62ee490ccc93fee03cbe328f4dc5d6c629d16f42b9ebbca507b66f81a22c645f4c805e76d97cbb38b64f99eb26a6f4df32340b45476e956a0265f1f5e2578c6e168c2c67fa9bd2f547d181041d0a7e512f84f4d91fd87d02504b07086e32084be50000004a020000504b03041400080808001797c65a00000000000000000000000010000000646f6350726f70732f6170702e786d6c4d8ec10ac2301044ef82ff10726fb77a109134a52082277bd00f08e9d6069a4d4856e9e79b937a9c19e6f154b7fa45bc316517a895bbba9102c986d1d1b3958ffba53aca4e6f376a4821626287599407e556ceccf10490ed8cdee4bacc549629246fb8c4f484304dcee239d8974762d837cd017065a411c72a7e8152ab3ec6c559c34542f7d114a4186e5705ffbd829f83fe00504b0708366e832193000000b8000000504b03041400080808001797c65a00000000000000000000000011000000646f6350726f70732f636f72652e786d6c6d90dd4ac43010465f25e4be9db6eb56096d17511604c5055714ef4232b6c5e68724daddb737ad6b05157291cc77e630996a735003f940e77ba36b9aa71925a88591bd6e6bfab8df261794f8c0b5e483d158d3237aba692a6199300e77ce5874a1474fa2477b266c4dbb102c03f0a243c57d1a091dc357e3140ff1e95ab05cbcf116a1c8b21214062e79e0300913bb18e94929c5a2b4ef6e980552000ea850070f799ac30f1bd029ff6fc39c2ce4c1f70b358e633aae662e4e94c3f3ddedc33c7cd2ebe9ef0269539dd44c38e401258902168e36aee43b795a5d5defb7b429b2629d64653cfba260eb929d9dbf54f0ab7f127edd8d6b2ee3423a24bbfb9b895bca15fc5973f309504b0708d6813a4a07010000b1010000504b03041400080808001797c65a00000000000000000000000014000000786c2f736861726564537472696e67732e786d6c7d924d4b03311086ef82ff6108087a6877b77e22db155dad7a50446aef6376da0692cc9a644bf55f8937affd63a65a2874a5a790799ff97827c92fe646c38c9c576cfb22eba602c84aae949df4c5cb70d0391317c5ee4eee7d00c98d0d7dd13b14d058f5d650f917c84e05c432d6f7c53484fa3c49bc9c9241dfe59a6c54c6ec0c86787593c4d78eb0f253a26074d24bd393c4a0b2a2c8bd2af250948baf4a4d182a028df04c9edc0cf3241479b204fea001c929c23bdcb1c3ed642fed1d77d2934e964176747e986eea8f8b6f43eeb7dda8211dd06f1225daa02aac96c8535c14db36f3c8e6d5d16a921504714170a73e78cb74b7f8ea146928e349ae25afcb965a910db4090cd1a931c215fa96744d5e363187a166074334b8f8fcb579eb9a9ab7d34f8e0dcbf823c8c38daf492ad4d432bdce313857a655f38197da4059d49bd208756c5345e7f7a3cbfff3861c50c3be64bb640edace0dc6b72fd139f4b2d53beda67beb58127f6ff103504b0708452d590d6c010000eb020000504b03041400080808001797c65a0000000000000000000000000d000000786c2f7374796c65732e786d6ca592b16ec3201086f74a7d07c4dee064a8a2ca264325579d934a5d8939dba870584022bb4f5f304e934c1d3addddcffd1f87cfe56e349a9cc17965b1a2eb5541096063a5c2aea21f87fa694b77fcf1a1f461d2b0ef0102890ef415ed43185e18f34d0f46f8951d00e3496b9d112196ae637e7020a44f26a3d9a6289e99110a292ff1646a133c69ec0943450bca78d95abc2a6b9a055efa6f72163a2a69b6d8d6586d1d5128610459d16dd25018c85daf42aba353334f18a5a72c6f92304fbaf41985d62591e55be6e0a34969fd3bc4866681978308011cd6b1204b7e9806a8285a848c99fbfee896c27dbd3931dd38e6102f3e5a27e3166edf9f255e6a68433438d5f529063bb07418823531914a7416854ec88b634922b601adf769759fed1d7b6c49dec1bb4c9f9fa4e75fd238d092664c2e12ff9696d9ffc692b1bde7cf6876fdddf80f504b0708ae9193d645010000a3020000504b03041400080808001797c65a0000000000000000000000000f000000786c2f776f726b626f6f6b2e786d6c8d8e314fc33010857724fe83753b7502084114a7431152b70e85fd125f12abb12f3a9b969f4f922ac0c8747a7a9fbe7be5f6cb0fea4c121d0703f9260345a161eb4267e0fdf876f70cdbeaf6a6bcb09c6ae6939af8100df4298d85d6b1e9c963dcf048616a5a168f698ad2e9380aa18d3d51f283becfb227edd105b81a0af98f83dbd635f4cacda7a790ae12a101d3b436f66e8c50fd2c3b88b298287fc91e0db43844025d9573f3e1e8127fc1392a6c923bd3116b03d9cce93fe0b279bd2aa027033bf6a3708d2191b2a40ed83128299c35207bfb006a81f753cc17ddead0ebd7ea1b504b07081ccf4de3e30000006b010000504b03041400080808001797c65a0000000000000000000000001a000000786c2f5f72656c732f776f726b626f6f6b2e786d6c2e72656c73ad914d6bc3300c40ff8ad17d71d2c118a36e2f63d06b3f7e80b0953834b18da5b5cbbfafbbc3d640073bf4248cf07b0fb45c7f8d833a51e63e06034d5583a260a3eb4367e0b0ff787a05c582c1e1100319988861bd5a6e6940295fd8f78955610436e045d29bd66c3d8dc8554c14caa68d794429cfdce984f6881de9455dbfe87ccb8039536d9c81bc710da83de68ec4007bcce476924b1a57055c5653a2ff6863dbf696dea3fd1c29c81dbb9ec141df8f59dcc4c834d0e32bbea97fe99f7ff5e7988fec89e45a5e46f3e8921fc13546cfaebdba00504b070867eba2a8d500000034020000504b03041400080808001797c65a00000000000000000000000018000000786c2f776f726b7368656574732f7368656574312e786d6c8d954b8f9b301446f795fa1f90f78d8140a0236034ed84a48b91aabef60e98870630b23d497f7e0d99bac1d7d36487c5b9e75e3e8c49ee7ff79d73a45cb46c4891b7729143878295ed50a7e8e78ffc438ceeb3f7ef9213e3cfa2a1543aaa6010296aa41cef301645437b22566ca483ba5331de13a996bcc662e494947351df61df7537b827ed80b2a46c7b3a4c1d1d4eab143d7877fb18e12c99d95f2d3d898b6b676a7d60ec795a7c2953a44694e4f09d76b49054ad257fa1533506e5f93ccd57ee94b4222f9dfcc64e7bdad68d544f1aaa47fddbf2914892259c9d1caeeea8018be9e2c1538d52249023a6a65972ccdc041f55a3e295f87426860b225afd63b0326aadafb53ed07a861612be5dbad6d23528591bd23598d573df1a36d0de007803c31b00afff9636d4da106843430b898d5dbad1d20d28890c2924e225f119121f97c423243c635b6c2d88f18a730be22f919d0531dee9de8204f694229d52046bccec23b85542d7bddc2de7b02caa8d91d675647b1dc96f1c6807393f0e01b6b7e8a225b7c82ed6d9c5ffd994e7e8e21ba3832610dd75647b1dc96f1c6807396b74169d353a7c71b08ea4a64f84d7ed209c039392f5aa7615a92fbc624c523eadd4e9d4a8bf855e74b49233851c7e3eb1e76bc9c6d7dae9c0d73fa5ec0f504b07089f8ccac1df010000c8060000504b010214001400080808001797c65a912c28bc3b0100001d0400001300000000000000000000000000000000005b436f6e74656e745f54797065735d2e786d6c504b010214001400080808001797c65a6e32084be50000004a0200000b000000000000000000000000007c0100005f72656c732f2e72656c73504b010214001400080808001797c65a366e832193000000b800000010000000000000000000000000009a020000646f6350726f70732f6170702e786d6c504b010214001400080808001797c65ad6813a4a07010000b101000011000000000000000000000000006b030000646f6350726f70732f636f72652e786d6c504b010214001400080808001797c65a452d590d6c010000eb0200001400000000000000000000000000b1040000786c2f736861726564537472696e67732e786d6c504b010214001400080808001797c65aae9193d645010000a30200000d000000000000000000000000005f060000786c2f7374796c65732e786d6c504b010214001400080808001797c65a1ccf4de3e30000006b0100000f00000000000000000000000000df070000786c2f776f726b626f6f6b2e786d6c504b010214001400080808001797c65a67eba2a8d5000000340200001a00000000000000000000000000ff080000786c2f5f72656c732f776f726b626f6f6b2e786d6c2e72656c73504b010214001400080808001797c65a9f8ccac1df010000c806000018000000000000000000000000001c0a0000786c2f776f726b7368656574732f7368656574312e786d6c504b050600000000090009003f020000410c00000000');
SELECT pg_catalog.lo_close(0);

SELECT pg_catalog.lo_open('41131', 131072);
SELECT pg_catalog.lowrite(0, '\x504b0304140008080800cd98c65a000000000000000000000000130000005b436f6e74656e745f54797065735d2e786d6cb553cb6ec23010fc95c8d72a36f450551581431fc716a9f4035c7b9358f825afa1f0f75d07389452890a71f26366676657f664b671b65a4342137cc3c67cc42af02a68e3bb867d2c5eea7b5661965e4b1b3c346c0bc866d3c9621b012baaf5d8b03ee7f82004aa1e9c441e227842da909ccc744c9d88522d6507e27634ba132af80c3ed7b968b0e9e4095ab9b2b97adcdd17e986c918ad5132532cb1f6fa48b4de0bf20476e0606f22de108155cf1b52d9b54328327186c371613953dd1b0d26190dff8a16dad628d041ad1c957028aa1a741d13115336b0cf399729bf4a478282c87342519034bfc4fb301615129c65588817391e758b3181d4d803646739f632817ecf895ed3ef101b2b7e10ae98236fed892994000372cd09d0ca9d34fe94fb5748cbcf1096d7f32f0ec3fe2ffb0144312ce3430e317cefe937504b0708912c28bc3b0100001d040000504b0304140008080800cd98c65a0000000000000000000000000b0000005f72656c732f2e72656c73ad92c14a033110865f25ccbd9b6d051169da8b08bd89d4071893d9ddb09b4c4846ddbebdc18bb66c41c1e33033dfff31c9763f8749bd532e9ea38175d382a268d9f9d81b78393eaeee4015c1e870e248064e5460bfdb3ed3845257cae0535195118b814124dd6b5dec40014bc38962ed749c034a2d73af13da117bd29bb6bdd5f92703ce99eae00ce4835b833a62ee490ccc93fee03cbe328f4dc5d6c629d16f42b9ebbca507b66f81a22c645f4c805e76d97cbb38b64f99eb26a6f4df32340b45476e956a0265f1f5e2578c6e168c2c67fa9bd2f547d181041d0a7e512f84f4d91fd87d02504b07086e32084be50000004a020000504b0304140008080800cd98c65a00000000000000000000000010000000646f6350726f70732f6170702e786d6c4d8ec10ac2301044ef82ff10726fb77a109134a52082277bd00f08e9d6069a4d4856e9e79b937a9c19e6f154b7fa45bc316517a895bbba9102c986d1d1b3958ffba53aca4e6f376a4821626287599407e556ceccf10490ed8cdee4bacc549629246fb8c4f484304dcee239d8974762d837cd017065a411c72a7e8152ab3ec6c559c34542f7d114a4186e5705ffbd829f83fe00504b0708366e832193000000b8000000504b0304140008080800cd98c65a00000000000000000000000011000000646f6350726f70732f636f72652e786d6c6d90dd4ac43010465fa5e4be9db4c52aa1ed22ca82a0b8e08ae25d48c6b6d8fc9044bbfbf6a675ada0422e92f9ce1c26536f0e6a4c3ed0f9c1e886e41925096a61e4a0bb863ceeb7e905497ce05af2d1686cc8113dd9b4b5b04c18873b672cba30a04fa2477b266c43fa102c03f0a247c57d16091dc357e3140ff1e93ab05cbcf10ea1a0b40285814b1e38ccc2d4ae4672524ab12aedbb1b17811480232ad4c1439ee5f0c30674caffdbb0242b79f0c34a4dd3944de5c2c5897278bebb7d58864f073dff5d2069eb939a09873ca04ca28085a38d2bf94e9ecaabebfd96b4052dce525ac5b32f4a462b569cbfd4f0ab7f167edd8d6b2fe3427a4c76f73733b7966bf8b3e6f613504b0708f744fb0b06010000b1010000504b0304140008080800cd98c65a00000000000000000000000014000000786c2f736861726564537472696e67732e786d6c7d93cd6ed34010c7ef48bcc3c812121c12dba988aaca71058650105411b8b90feb69b2d2ee8ed959476ddf864740bd71f58b75d35602d96d8e3bffdf7ccf16a757d6c08ebc68768b249f66099053dc68b7592417f572729c9c962f5f14220114772e2c92a33c81cee95f1d550f8659748a619c2c926d08ed499a8ada924599724b2e2a97ec2d86f8f49b545a4fd8c896285893ceb26c9e5ad42e290bd16511caaabf6df486a1213008df49c8efb0484359a47be0015a92da225cc3197b3c4cceb2d9db49369fe439e4f393a36ca89ff77f2df9fb74eb8e4c40191215baa01b6cf6c82a0e8add983967fbd3d363258f10c401c199bee103d5556875542b76c1934781afd4dfbae7a35746930b34046af4fa12e13dca48fa40a2bae8c3d0b2871a2df67feebbfde4bb960fd32bcf96553c0c12f8282d298d8646bdfff3b178a5ed28e637de6b4bedd00ca5359a98a621039fd7ef9ef6ab39a081d78add9e7933eedc623c810a7d9c9e1ae5ceb369f66a687cca56b3ed7f0bace3a20dacb41b45fa823b1d371417791da7f183c37f441a3f477907504b070878ab9420930100004a030000504b0304140008080800cd98c65a0000000000000000000000000d000000786c2f7374796c65732e786d6ca592b16ec3201086f74a7d07c4dee064a8a2ca264325579d934a5d8939dba870584022bb4f5f304e934c1d3addddcffd1f87cfe56e349a9cc17965b1a2eb5541096063a5c2aea21f87fa694b77fcf1a1f461d2b0ef0102890ef415ed43185e18f34d0f46f8951d00e3496b9d112196ae637e7020a44f26a3d9a6289e99110a292ff1646a133c69ec0943450bca78d95abc2a6b9a055efa6f72163a2a69b6d8d6586d1d5128610459d16dd25018c85daf42aba353334f18a5a72c6f92304fbaf41985d62591e55be6e0a34969fd3bc4866681978308011cd6b1204b7e9806a8285a848c99fbfee896c27dbd3931dd38e6102f3e5a27e3166edf9f255e6a68433438d5f529063bb07418823531914a7416854ec88b634922b601adf769759fed1d7b6c49dec1bb4c9f9fa4e75fd238d092664c2e12ff9696d9ffc692b1bde7cf6876fdddf80f504b0708ae9193d645010000a3020000504b0304140008080800cd98c65a0000000000000000000000000f000000786c2f776f726b626f6f6b2e786d6c8d8e314fc33010857724fe83753b7502084114a7431152b70e85fd125f12abb12f3a9b969f4f922ac0c8747a7a9fbe7be5f6cb0fea4c121d0703f9260345a161eb4267e0fdf876f70cdbeaf6a6bcb09c6ae6939af8100df4298d85d6b1e9c963dcf048616a5a168f698ad2e9380aa18d3d51f283becfb227edd105b81a0af98f83dbd635f4cacda7a790ae12a101d3b436f66e8c50fd2c3b88b298287fc91e0db43844025d9573f3e1e8127fc1392a6c923bd3116b03d9cce93fe0b279bd2aa027033bf6a3708d2191b2a40ed83128299c35207bfb006a81f753cc17ddead0ebd7ea1b504b07081ccf4de3e30000006b010000504b0304140008080800cd98c65a0000000000000000000000001a000000786c2f5f72656c732f776f726b626f6f6b2e786d6c2e72656c73ad914d6bc3300c40ff8ad17d71d2c118a36e2f63d06b3f7e80b0953834b18da5b5cbbfafbbc3d640073bf4248cf07b0fb45c7f8d833a51e63e06034d5583a260a3eb4367e0b0ff787a05c582c1e1100319988861bd5a6e6940295fd8f78955610436e045d29bd66c3d8dc8554c14caa68d794429cfdce984f6881de9455dbfe87ccb8039536d9c81bc710da83de68ec4007bcce476924b1a57055c5653a2ff6863dbf696dea3fd1c29c81dbb9ec141df8f59dcc4c834d0e32bbea97fe99f7ff5e7988fec89e45a5e46f3e8921fc13546cfaebdba00504b070867eba2a8d500000034020000504b0304140008080800cd98c65a00000000000000000000000018000000786c2f776f726b7368656574732f7368656574312e786d6c8d965d6f9b301486ef27ed3f20df2f18c2572aa06ad6d0ec62d2b4b5bb27e024a88023e326fbf933247282cf69923b2c9ef3f8f0da891d3ffe6b6a6bcf4457f13621ce84128bb5052fab769390b7d7ec5b441ed3af5fe20317efdd963169a982b64bc856cadd836d77c596357937e13bd6aa376b2e9a5caaa1d8d8dd4eb0bc1c8a9ada76290dec26af5a92c665d5b0b69fd1126c9d9027e761e95062a7f100ffadd8a1bb78b6fab9579cbff7831f6542548f325ffd61352b245363293e585f6d83f26c68e797b04ab6ce3f6af99b1f96acda6ca5fa547f729ef23997791a0b7eb0847aa33a2cfa8727474d94908e585d3f691aef531adb7b35517122e647a2bd20a2c999b195516b5dad7581d631b4907071e9544ba7a0646a48a7a057977ed6aca7bd1ef07a86d7035eef33adafb53ed0fa861612012e0db4340025a12185443426be436236269e21e118db628120c6126708e28e91170431d67489201e9e52a8530a618d997d08b78a4fe9e56e398685a802232d0431166571db92210df51d990dbd40ce7343dfc496882e0847dc28bb486717c1568d0d348feecc0e5199d9dd4616b7910c6908cd0e72687688ee5a76339ddd0cb66afcb4e6b33bb3435466760862eebbdb960c6908cd0e72687688ee5a760e3d1f45f4cadfe1e92ca277a687b8407c1863e6778727c39a4213444034424c8866685f9cecbb7cc37ee66253b59db5e252f246d54e4275c4ac39974cf423753c6ed57d450f6ab69603452c71bc320ccf92ef4eb5fd8d435f8bd2ff504b0708ac248d7b2f0200004a090000504b01021400140008080800cd98c65a912c28bc3b0100001d0400001300000000000000000000000000000000005b436f6e74656e745f54797065735d2e786d6c504b01021400140008080800cd98c65a6e32084be50000004a0200000b000000000000000000000000007c0100005f72656c732f2e72656c73504b01021400140008080800cd98c65a366e832193000000b800000010000000000000000000000000009a020000646f6350726f70732f6170702e786d6c504b01021400140008080800cd98c65af744fb0b06010000b101000011000000000000000000000000006b030000646f6350726f70732f636f72652e786d6c504b01021400140008080800cd98c65a78ab9420930100004a0300001400000000000000000000000000b0040000786c2f736861726564537472696e67732e786d6c504b01021400140008080800cd98c65aae9193d645010000a30200000d0000000000000000000000000085060000786c2f7374796c65732e786d6c504b01021400140008080800cd98c65a1ccf4de3e30000006b0100000f0000000000000000000000000005080000786c2f776f726b626f6f6b2e786d6c504b01021400140008080800cd98c65a67eba2a8d5000000340200001a0000000000000000000000000025090000786c2f5f72656c732f776f726b626f6f6b2e786d6c2e72656c73504b01021400140008080800cd98c65aac248d7b2f0200004a0900001800000000000000000000000000420a0000786c2f776f726b7368656574732f7368656574312e786d6c504b050600000000090009003f020000b70c00000000');
SELECT pg_catalog.lo_close(0);

SELECT pg_catalog.lo_open('41134', 131072);
SELECT pg_catalog.lowrite(0, '\x504b0304140008080800396fc75a000000000000000000000000130000005b436f6e74656e745f54797065735d2e786d6cb553cb6ec23010fc95c8d72a36f450551581431fc716a9f4035c7b9358f825afa1f0f75d07389452890a71f26366676657f664b671b65a4342137cc3c67cc42af02a68e3bb867d2c5eea7b5661965e4b1b3c346c0bc866d3c9621b012baaf5d8b03ee7f82004aa1e9c441e227842da909ccc744c9d88522d6507e27634ba132af80c3ed7b968b0e9e4095ab9b2b97adcdd17e986c918ad5132532cb1f6fa48b4de0bf20476e0606f22de108155cf1b52d9b54328327186c371613953dd1b0d26190dff8a16dad628d041ad1c957028aa1a741d13115336b0cf399729bf4a478282c87342519034bfc4fb301615129c65588817391e758b3181d4d803646739f632817ecf895ed3ef101b2b7e10ae98236fed892994000372cd09d0ca9d34fe94fb5748cbcf1096d7f32f0ec3fe2ffb0144312ce3430e317cefe937504b0708912c28bc3b0100001d040000504b0304140008080800396fc75a0000000000000000000000000b0000005f72656c732f2e72656c73ad92c14a033110865f25ccbd9b6d051169da8b08bd89d4071893d9ddb09b4c4846ddbebdc18bb66c41c1e33033dfff31c9763f8749bd532e9ea38175d382a268d9f9d81b78393eaeee4015c1e870e248064e5460bfdb3ed3845257cae0535195118b814124dd6b5dec40014bc38962ed749c034a2d73af13da117bd29bb6bdd5f92703ce99eae00ce4835b833a62ee490ccc93fee03cbe328f4dc5d6c629d16f42b9ebbca507b66f81a22c645f4c805e76d97cbb38b64f99eb26a6f4df32340b45476e956a0265f1f5e2578c6e168c2c67fa9bd2f547d181041d0a7e512f84f4d91fd87d02504b07086e32084be50000004a020000504b0304140008080800396fc75a00000000000000000000000010000000646f6350726f70732f6170702e786d6c4d8ec10ac2301044ef82ff10726fb77a109134a52082277bd00f08e9d6069a4d4856e9e79b937a9c19e6f154b7fa45bc316517a895bbba9102c986d1d1b3958ffba53aca4e6f376a4821626287599407e556ceccf10490ed8cdee4bacc549629246fb8c4f484304dcee239d8974762d837cd017065a411c72a7e8152ab3ec6c559c34542f7d114a4186e5705ffbd829f83fe00504b0708366e832193000000b8000000504b0304140008080800396fc75a00000000000000000000000011000000646f6350726f70732f636f72652e786d6c6d90614bc3301086ff4ac8f7f6d28e6d12da0e510682e2c08ae2b7909c6db14d4212edf6ef4debaca0423e24f73ef770b962771c7af281ce774697344b1925a8a5519d6e4afa58ef930b4a7c105a89de682ce9093ddd5585b45c1a8707672cbad0a127d1a33d97b6a46d08960378d9e2207c1a091dc357e30611e2d33560857c130d42ced806060c4289206012267631d2b352c94569df5d3f0b9404ec71401d3c6469063f6c4037f87f1be664218fbe5ba8711cd371357371a20c9eef6e1fe6e1934e4f7f9748abe2ace6d2a108a84814f070b27125dfc9d3eaeabaded32a67f93a619b846deb6ccbd7f1b097027ef54fc2afbb71d5655c488be4707f33714bb9803f6bae3e01504b07086237b77a07010000b1010000504b0304140008080800396fc75a00000000000000000000000014000000786c2f736861726564537472696e67732e786d6c7d924d4f1b311086ef95f80f234b48ed21d90f1568d16651d836d04310aad2dc87dd21b164cf2cb61701ff8943d55baff9637500896a37cac9f2bccfbcf3a129ce1eac817b725e0b4f54364e1510d7d2685e4dd4afc56cf4459d95071f0aef03d4d27198a8fc4441c7faaea3ea35907d55106dd84fd43a84f634497cbd268b7e2c2d71546ec5590cf1eb56896f1d61e3d744c19a244fd3e3c4a26655165e974528abcd9f46af041a0283f0933cb97b2c925016c91678856654af111ee1521cee27f3343f1aa5c7a3ec336427a7f9515fbfdafcb5e45eca2d3b32017d9fa890836eb0d922d77151c243e64aec8da3b74ede20880b824bfd247bbabbc01ba7c940155f7203f9ddb6329a38501f58a0d3b708e7e807d237f2751773045a71b0408b9bdf2f635eb8ae95fdf4b5132b75bc08f2f0ddb7546b343418fa3dc7e283b603cfb96cb59966347d6989269669e2e43f96d3dd790b0968e0632dbc653ef5a1e9aaf361f3cc308f27109b83e58efd65e9383dec0777c52a611f909f10a60e1f11e6c4ff9925f1f8cb7f504b070824f57187890100002a030000504b0304140008080800396fc75a0000000000000000000000000d000000786c2f7374796c65732e786d6ca592b16ec3201086f74a7d07c4dee064a8a2ca264325579d934a5d8939dba870584022bb4f5f304e934c1d3addddcffd1f87cfe56e349a9cc17965b1a2eb5541096063a5c2aea21f87fa694b77fcf1a1f461d2b0ef0102890ef415ed43185e18f34d0f46f8951d00e3496b9d112196ae637e7020a44f26a3d9a6289e99110a292ff1646a133c69ec0943450bca78d95abc2a6b9a055efa6f72163a2a69b6d8d6586d1d5128610459d16dd25018c85daf42aba353334f18a5a72c6f92304fbaf41985d62591e55be6e0a34969fd3bc4866681978308011cd6b1204b7e9806a8285a848c99fbfee896c27dbd3931dd38e6102f3e5a27e3166edf9f255e6a68433438d5f529063bb07418823531914a7416854ec88b634922b601adf769759fed1d7b6c49dec1bb4c9f9fa4e75fd238d092664c2e12ff9696d9ffc692b1bde7cf6876fdddf80f504b0708ae9193d645010000a3020000504b0304140008080800396fc75a0000000000000000000000000f000000786c2f776f726b626f6f6b2e786d6c8d8e314fc33010857724fe83753b7502084114a7431152b70e85fd125f12abb12f3a9b969f4f922ac0c8747a7a9fbe7be5f6cb0fea4c121d0703f9260345a161eb4267e0fdf876f70cdbeaf6a6bcb09c6ae6939af8100df4298d85d6b1e9c963dcf048616a5a168f698ad2e9380aa18d3d51f283becfb227edd105b81a0af98f83dbd635f4cacda7a790ae12a101d3b436f66e8c50fd2c3b88b298287fc91e0db43844025d9573f3e1e8127fc1392a6c923bd3116b03d9cce93fe0b279bd2aa027033bf6a3708d2191b2a40ed83128299c35207bfb006a81f753cc17ddead0ebd7ea1b504b07081ccf4de3e30000006b010000504b0304140008080800396fc75a0000000000000000000000001a000000786c2f5f72656c732f776f726b626f6f6b2e786d6c2e72656c73ad914d6bc3300c40ff8ad17d71d2c118a36e2f63d06b3f7e80b0953834b18da5b5cbbfafbbc3d640073bf4248cf07b0fb45c7f8d833a51e63e06034d5583a260a3eb4367e0b0ff787a05c582c1e1100319988861bd5a6e6940295fd8f78955610436e045d29bd66c3d8dc8554c14caa68d794429cfdce984f6881de9455dbfe87ccb8039536d9c81bc710da83de68ec4007bcce476924b1a57055c5653a2ff6863dbf696dea3fd1c29c81dbb9ec141df8f59dcc4c834d0e32bbea97fe99f7ff5e7988fec89e45a5e46f3e8921fc13546cfaebdba00504b070867eba2a8d500000034020000504b0304140008080800396fc75a00000000000000000000000018000000786c2f776f726b7368656574732f7368656574312e786d6c8d95db6f9b301487df27ed7f407e5fb8864b0554bd84660f95a6b5db3b0173510123e326fbf36748e7253ea74ddfb0f8cee7e39f0d8eaffff49db1a77c6ad990107b6511830e052bdba14ec8afe7ec5b48aed3af5fe203e32f5343a93064c13025a41162bc32cda968689f4f2b36d241bea918ef732187bc36a791d3bc5c8aface742ccb37fbbc1d481a976d4f87794683d32a2137f6d53622661a2fecef961ea69367639e7ac7d8cb3cf85e2644b628f2dd13ed6821a81c0bfe4ae76a1394674b373fb851d22a7fedc44f76d8d2b66e845ce95a2ef5df94f7b9c8d398b383c1e51bd960313fdcd872a2844cc498e649d3789f5ab1b99713156fc4ed91184e8868f59f31a551691da57580d6d6b4907070a9aba42e287135a90b7a9d33c0bd9ef27ac0eb695e0f78ddf7b46ba55d03ed5ad342c2c7a5be92faa024d0a49008cf893b4844e7c43d246ced586c1044dbe20c419c73e40141b43ddd228887a714a8940258a3671f802d755ccbb256da3aef1095afa58520daa66c2e5b32a4212b800d3d40ce8d5c57c7b688cef3dd778f6da8b20b61abda01ba0d3f991da2d2b343103dbbcb960c6908cd0e72687688eea3ec22955df4c1077d8c2efa6474d004a2bb8c6c2e2319d2101a1de4d0e8101d1a9d7972298d794d1f735eb7c364ec9810ac97b5ab40fe1d2bc604e5f348fed91b79d3aa41472bb150c4e0c7db6e79166c7cab9d2f4b75a1a77f01504b070896c174b80a02000004080000504b01021400140008080800396fc75a912c28bc3b0100001d0400001300000000000000000000000000000000005b436f6e74656e745f54797065735d2e786d6c504b01021400140008080800396fc75a6e32084be50000004a0200000b000000000000000000000000007c0100005f72656c732f2e72656c73504b01021400140008080800396fc75a366e832193000000b800000010000000000000000000000000009a020000646f6350726f70732f6170702e786d6c504b01021400140008080800396fc75a6237b77a07010000b101000011000000000000000000000000006b030000646f6350726f70732f636f72652e786d6c504b01021400140008080800396fc75a24f57187890100002a0300001400000000000000000000000000b1040000786c2f736861726564537472696e67732e786d6c504b01021400140008080800396fc75aae9193d645010000a30200000d000000000000000000000000007c060000786c2f7374796c65732e786d6c504b01021400140008080800396fc75a1ccf4de3e30000006b0100000f00000000000000000000000000fc070000786c2f776f726b626f6f6b2e786d6c504b01021400140008080800396fc75a67eba2a8d5000000340200001a000000000000000000000000001c090000786c2f5f72656c732f776f726b626f6f6b2e786d6c2e72656c73504b01021400140008080800396fc75a96c174b80a020000040800001800000000000000000000000000390a0000786c2f776f726b7368656574732f7368656574312e786d6c504b050600000000090009003f020000890c00000000');
SELECT pg_catalog.lo_close(0);

COMMIT;

--
-- Name: booking booking_pkey; Type: CONSTRAINT; Schema: public; Owner: postgres
--

ALTER TABLE ONLY public.booking
    ADD CONSTRAINT booking_pkey PRIMARY KEY (id);


--
-- Name: client client_pkey; Type: CONSTRAINT; Schema: public; Owner: postgres
--

ALTER TABLE ONLY public.client
    ADD CONSTRAINT client_pkey PRIMARY KEY (id);


--
-- Name: booking_client fk9elfsb8ufasea8q23un9r4k9h; Type: FK CONSTRAINT; Schema: public; Owner: postgres
--

ALTER TABLE ONLY public.booking_client
    ADD CONSTRAINT fk9elfsb8ufasea8q23un9r4k9h FOREIGN KEY (booking_id) REFERENCES public.booking(id);


--
-- Name: booking_client fkamumky18wggx8di4wjoikmoa4; Type: FK CONSTRAINT; Schema: public; Owner: postgres
--

ALTER TABLE ONLY public.booking_client
    ADD CONSTRAINT fkamumky18wggx8di4wjoikmoa4 FOREIGN KEY (client_id) REFERENCES public.client(id);


--
-- Name: booking fkhs7eej4m2orrmr5cfbcrqs8yw; Type: FK CONSTRAINT; Schema: public; Owner: postgres
--

ALTER TABLE ONLY public.booking
    ADD CONSTRAINT fkhs7eej4m2orrmr5cfbcrqs8yw FOREIGN KEY (client_id) REFERENCES public.client(id);


--
-- PostgreSQL database dump complete
--

